Unit,SIO #,Topic,SIO Description,Flashcard Set,Front side,Back side (flipped),Overview columns,Letris / Notes,CEFR Mode,Can-Do (A1),Linguistic competence (measurable)
Unité 0,SIO-001,Introductions,Introduce oneself (Je m'appelle…) and others; ask for names using tu (Comment tu t'appelles?) and vous (Comment vous vous appelez?); conjugate s'appeler across all persons; use M./Mme as forms of address,0.01,12 cards — English equivalent of the reverse side (+ M./Mme forms of address),"Je m'appelle…
Je m'appelle … aussi.
Nous nous appelons … et …
Et toi ? Comment tu t'appelles ?
Et vous ? Comment vous vous appelez ?
Et lui ? Comment il s'appelle ?
Et elle ? Comment elle s'appelle ?
Et eux ? Comment ils s'appellent ?
Et elles ? Comment elles s'appellent ?
Monsieur … / Madame …
M. … / Mme …
Enchanté(e) !",1: French phrase | 2: English | 3: Rewrite: Moi c'est… | 4: M./Mme forms of address | 5: Notes,No Letris,Spoken Interaction,"I can introduce myself and other people, ask someone their name, and address someone politely with M./Mme.",Conjugate s'appeler in all 6 persons (≥5/6); ask a name with tu and with vous; introduce a third person (Il/Elle s'appelle…); use M./Mme as a form of address.
Unité 0,SIO-002,Tu / Vous,"Distinguish and select tu, vous (singular polite), and vous (plural) across 12 social situations",0.02,"

12 flashcards, at the top: 'tu' ou 'vous' ?

With a much younger person
With a peer or a friend
With a family member
With a partner
Wth a close colleague
----
With a not-so-close colleague
With one""s teacher
With one's boss
With a client
With a stranger
With an elderly
With groups","Either ""Tu"" or ""Vous"" (TTS tu or vous) followed by one of these explanations

Family, friends, partners, close colleagues – Tu signals closeness and equality.

Younger person – Tu is usual with children and many teenagers in informal contexts.

Professional settings – Vous marks respect, hierarchy, and professional distance.

Strangers – Vous is the default polite choice with unknown adults.

Groups – Vous is used for addressing more than one person.","""Column for Situation

With a child
With a peer or a friend
With a family member
With a partner
Wth a close colleague
----
With a not-so-close colleague
With one""""s teacher
With one's boss
With a client
With a stranger
With an elderly
With groups


Column for Tu ou vous

Column for explanation
Column (empty for learner notes)""",12 situations fall → 2 baskets: tu / vous,Spoken Interaction,I can tell which pronoun (tu vs vous) is more appropriate in a particular context.,Select tu / vous (polite sg) / vous (pl) correctly in ≥10/12 situations; give a one-phrase reason for each choice.
Unité 0,SIO-003,Alphabet,Name all 26 letters; group by vowel sound in name (ah: A H K · ay: B C D É G P T V W · air: È F L M N R S Z · i: I J X Y · ü: Q U · oh: O · uh: E); spell aloud: Comment ça s'écrit?,0.03,"This is a complete 26-card deck with consistent formatting: letter on front,
"," French name + English pronunciation guide (IPA) on back.
+ TTS
ah : A H K
ay : B C D É G P T V W
air:: È F L M N R S (Y) Z  
i :     I J  X Y
ü :   Q U
others: O E
","1st column : letter
2nd: IPA
3rd : pronunciation guide (roughly rendered in English)
4th: vowel sounds (-ah. -ay, -ü, -i, -air)
5th: notes",Falling letters → 3 baskets: ay / air / others,Spoken Interaction,"I can say how a name is spelled, or ask how it is spelled.",Name all 26 letters; sort them into the 7 vowel-sound groups; spell a given word aloud (≥90% letters correct).
Unité 0,SIO-004,Days + moments,"Name 7 days and 3 moments of the day (matin, après-midi, soir); ask/answer C'est quand?; weekday vs weekend",0.04,"10 cards:
Monday, Tuesday, ... Sunday, morning, aftermoon, evening",French word (e.g. lundi / matin / après-midi),"1. French
2. English
3. Association with moon, Mars, etc. (add single character kanji here too)
4. notes",3 baskets: weekday / weekend / moments du jour,Spoken Interaction,"I can tell which day of the week and what moment of the day it is, or ask: When is it?",List the 7 days in order and the 3 moments of the day; label a day as weekday/weekend; ask and answer C'est quand ?
Unité 0,SIO-005,Colours,"Name 12 colours; associate each with a mnemonic object (le feu rouge, le flamant rose…)",0.05,12 cards — English colour word rendered in the relevant colour,"""1. French color
2. French Art+N+Adj
3. English
4. Notes

le feu rouge (red traffic light)
le flamant rose (pink flamingo)
le fluo orange (orange highlighter)
le citron jaune (yellow lemon)
le concombre vert (green cucumber) 
le ciel bleu (blue sky)
le raisin violet (purple grape)
le nuage gris (grey cloud)
le chocolat marron (brown chocolate)
le café noir (black coffee)
le lait blanc (white milk)
le sable beige (beige sand)""","1. French color
2. French Art+N+Adj
3. English
4. Notes

le feu rouge (red traffic light)
le flamant rose (pink flamingo)
le fluo orange (orange highlighter)
le citron jaune (yellow lemon)
le concombre vert (green cucumber) 
le ciel bleu (blue sky)
le raisin violet (purple grape)
le nuage gris (grey cloud)
le chocolat marron (brown chocolate)
le café noir (black coffee)
le lait blanc (white milk)
le sable beige (beige sand)","6 baskets: rouge/rose/jaune/vert/noir/blanc
Falling: emojis + mnemonic words — basket labels in plain text, no colour clue",Spoken Production,"I know the word for twelve different colors in French (red, orange, yellow, green, blue, purple, brown, white, black, grey, pink, beige), or ask: How is it? (What color is it?)",Name the 12 colours; give the matching mnemonic object for each (≥10/12).
Unité 0,SIO-006,Some nouns,"Use C'est où ? / C'est qui ? / C'est quoi ? to identify people, places and things; 18 nouns whose meaning is already clear in English, so the new thing to learn is the gender: un homme, une femme, un étudiant, une étudiante, un groupe, une classe, un café, une région, une province, un sport, le football, une activité, la danse, un croissant, un macaron, le champagne, une consonne, une nationalité.",0.06,"~18 cards — English label, all near-cognates
(e.g. 'a croissant' / 'a region' / 'a sport' / 'a nationality')","French noun with its article + TTS
(e.g. un croissant / une région / le football / la danse)",1: French (with article) | 2: English | 3: Article: un / une / le / la | 4: Notes,"4 baskets: un / une / le / la — the meaning is already clear, so the gender is the whole task",Spoken Production,"I can say whether a noun is masculine or feminine, and answer Where is it? Who is it? What is it? with it.",Label the 18 nouns with un/une/le/la (≥15/18); answer C'est où ? / C'est qui ? / C'est quoi ? appropriately for a given item.
Unité 0,SIO-007,Numbers 0–20,"Read and say 0–16; recognise 17,18,19 as composites; say 20; respond to Il y a combien d'étudiants ?",0.07,"17 cards — numeral only
• 10 cards (1–10) · 6 cards (0, 11–16) · 1 card (20)",Spelled-out word (e.g. sept / treize / dix-neuf / vingt),1: Numeral | 2: In words | 3: Feature (single/hyphenated/composite) | 4: Notes,No baskets — falling spelled words; user types the numeral,Spoken Interaction,"I know my French numbers from 0 to 20, or ask how many students there are in the classroom.",Read aloud any number 0–20; identify 17–19 as composites (dix-sept = 10 + 7); say 20; answer Il y a combien d'étudiants ?
Unité 0,SIO-008,Classroom instructions,"Understand and respond to: Écoutez!, Regardez!, Répétez!, Lisez!, Écrivez!, Parlez!, Notez!, Comptez!, Associez!; ask On fait quoi?",0.08,~9 cards — action icon or English gloss (e.g. 👂 Listen! / ✏️ Write!),French imperative (e.g. Écoutez ! / Écrivez !),1: French imperative | 2: English | 3: Gesture/mime note | 4: Notes,Action/mime format recommended,Listening,"I can understand and respond to classroom instructions like Écoutez !, Regardez !, Répétez !, Lisez !, Écrivez !, Parlez !, Notez !, Comptez !, Associez !, or ask what we are doing.",Perform the correct action for the 9 instructions (≥8/9); ask On fait quoi ?
Unité 0,SIO-009,Greetings,"Greet and take leave; distinguish formal, versatile, and casual by time of day and register",0.09,16 cards — English equivalent + context label,"Bonjour ! / Bonsoir ! (fam: Salut ! Coucou !)
Au revoir / À bientôt / À tout à l'heure
À demain / À la prochaine / À lundi…
Bonne journée / Bonne soirée / Bonne nuit
(fam) Salut / À plus / Ciao","1. French phrase
2, English phrase
3. meeting or parting
4. universal or familiar only
5. sensitive to time of the day
6. notes",No Letris,Spoken Interaction,I can greet and say goodbye based on time of day and register (casual or formal).,Produce the register-appropriate greeting/leave-taking for a given time and relationship (≥8/10); sort phrases into meeting vs parting and universal vs familiar.
Unité 0,SIO-010,First meeting role-play,"Simulate a first-time meeting in French with a fellow student (tu), a client (vous) or a group (plural vous), chaining greeting, asking a name, giving one's own, asking how it's spelled and taking leave: Bonjour → Comment tu t'appelles / vous vous appelez ? → Et toi ? / Et vous ? → Comment ça s'écrit ? → Enchanté(e) → Au revoir !",0.10,,,,⛔ Production task — no flashcard,Spoken Interaction,"I can carry a first meeting in French right through, with a fellow student, with a client, or with a group.","Complete every step — greet, ask a name, give one's own name, ask Et toi ? / Et vous ?, ask and answer Comment ça s'écrit ?, say Enchanté(e), take leave — in the register the situation calls for: tu, vous, or the plural vous of a group (≥6/7 steps in each of the 3)."
Unité 1,SIO-011,Stressed pronouns,"Match subject pronoun → stressed pronoun (moi, toi, lui, elle, nous, vous, eux, elles); use ___, je… frame; sort into subject-only / stressed-only / either",1.01,"8 flashcards

What stressed pronoun fits here:
__, je ... (As for me, I..)
__, tu... (As for you, you...)
__, il ... (As for him, he ...)
__, elle ... (As for her, she...
__, nous ... (As for us, we
__, vous... (As for you all, you ..
__, ils ... (As for them, they
__, elles ... (As for them, they ...","moi. toi, ...","1st column: the stressed pronoun,, 2nd column: the subject pronoun, 3rd column: then the English 
4th: notes",8 pronouns fall → 3 baskets: subject-only / stressed-only / either,Spoken Production,"I can identify any of the 8 stressed pronouns (moi, toi, lui, elle, nous, vous, eux, elles) by their position — after a preposition, after c'est, or standing alone (avec moi, c'est moi, moi !).","Match each of them to their 8 subject pronouns (je, tu, …) (≥7/8)."
Unité 1,SIO-014,Subject pronouns + ÊTRE,"Conjugate être across 8 persons; m/f agreement (étudiant/étudiante, étudiants/étudiantes)",1.04,14 cards — English sentence + person label (e.g. 'I am a student (m) — 1st sg'),"[m] Je suis étudiant. [f] Je suis étudiante.
[m] Tu es étudiant. [f] Tu es étudiante.
[m] Il est étudiant. [f] Elle est étudiante.
[m] Nous sommes étudiants. [f] Nous sommes étudiantes.
[m] Vous êtes étudiant. [f] Vous êtes étudiante.
[m] Vous êtes étudiants. [f] Vous êtes étudiantes.
[m] Ils sont étudiants. [f] Elles sont étudiantes. + TTS",1: French | 2: English | 3: Person (1st/2nd/3rd) | 4: Singular or Plural | 5: Notes,v1 baskets: 1st/2nd/3rd person · v2 baskets: Singular/Plural,Spoken Production,"I can say who someone is and give basic information about people, making the form agree for gender and number.",Conjugate être in all 8 persons (≥7/8); apply m/f and sg/pl agreement to étudiant(e)(s).
Unité 1,SIO-012,Professions,Name 10 professions in m/f forms; use il est / elle est and C'est un/une ___,1.02,emoji + English,"Il est journaliste ; Elle est journaliste
Il est styliste ; Elle est styliste
Il est artiste ; Elle est artiste
Il est architecte ; Elle est architecte
Il est chef ; Elle est cheffe.
Il est acteur ; Elle est actrice.
Il est joueur de tennis ; Elle est joueuse de tennis.
Il est nageur ; Elle est nageuse
Il est chanteur ; Elle est chanteuse
Il est étudiant ; Elle est étudiante","1. emoji
2. French
3. Englishj
4. Rewrite: C'est un/une ___  
5. notes",2 baskets: un / une,Spoken Production,I can say what job someone has.,Name 10 professions in m/f forms; present a person with il est/elle est or C'est un/une ___ (≥8/10).
Unité 1,SIO-013,School subjects — les matières,Name academic subjects with correct article; ask Qu'est-ce que tu étudies? / Je suis étudiant(e) en ___,1.03,"emoji + English
Qu'est-ce que vous étudiez ?
Vous êtes étudiant en quoi ?","J'étudie ___ 
Je suis étudiant(e) en ___",emoji·eng·art·fr,Baskets: le / la / l' / les,Spoken Interaction,I can say and ask what someone is studying.,Name academic subjects with the correct article; answer Qu'est-ce que tu étudies ? with Je suis étudiant(e) en ___.
Unité 1,SIO-015,Countries,"Name and identify 25 countries with correct article (le, la, l', les, ∅); ask C'est quel pays?",1.05,25 cards — flag + 'C'est quel pays ?',"🇫🇷 C'est quel pays ? → Le pays, c'est la France.
🇵🇹 C'est quel pays ? → Le pays, c'est le Portugal.
🇨🇳 C'est quel pays ? → Le pays, c'est la Chine.
🇮🇩 C'est quel pays ? → Le pays, c'est l'Indonésie.
🇰🇷 C'est quel pays ? → Le pays, c'est la Corée.
🇺🇸 C'est quel pays ? → Le pays, c'est les États-Unis.
🇲🇽 C'est quel pays ? → Le pays, c'est le Mexique.
🇨🇺 C'est quel pays ? → Le pays, c'est Cuba.
🇵🇭 C'est quel pays ? → Le pays, c'est les Philippines.
🇦🇷 C'est quel pays ? → Le pays, c'est l'Argentine.
🇷🇺 C'est quel pays ? → Le pays, c'est la Russie.
🇨🇭 C'est quel pays ? → Le pays, c'est la Suisse.
🇧🇪 C'est quel pays ? → Le pays, c'est la Belgique.
🇬🇷 C'est quel pays ? → Le pays, c'est la Grèce.
🇹🇷 C'est quel pays ? → Le pays, c'est la Turquie.
🇩🇪 C'est quel pays ? → Le pays, c'est l'Allemagne.
🇰🇭 C'est quel pays ? → Le pays, c'est le Cambodge.
🇸🇬 C'est quel pays ? → Le pays, c'est Singapour.
🇲🇾 C'est quel pays ? → Le pays, c'est la Malaisie.
🇹🇭 C'est quel pays ? → Le pays, c'est la Thaïlande.
🏴󠁧󠁢󠁥󠁮󠁧󠁿 C'est quel pays ? → Le pays, c'est l'Angleterre.
🇬🇧 C'est quel pays ? → Le pays, c'est la Grande-Bretagne.
🇹🇳 C'est quel pays ? → Le pays, c'est la Tunisie.
🇲🇦 C'est quel pays ? → Le pays, c'est le Maroc.
🇩🇿 C'est quel pays ? → Le pays, c'est l'Algérie.","1: Flag | 2: English | 3: Article | 4: French name | 5: Notes

# | Flag | French | English | Article
1 | 🇫🇷 | France | France | la
2 | 🇵🇹 | Portugal | Portugal | le
3 | 🇨🇳 | Chine | China | la
4 | 🇮🇩 | Indonésie | Indonesia | l'
5 | 🇰🇷 | Corée | Korea | la
6 | 🇺🇸 | États-Unis | United States | les
7 | 🇲🇽 | Mexique | Mexico | le
8 | 🇨🇺 | Cuba | Cuba | ∅
9 | 🇵🇭 | Philippines | Philippines | les
10 | 🇦🇷 | Argentine | Argentina | l'
11 | 🇷🇺 | Russie | Russia | la
12 | 🇨🇭 | Suisse | Switzerland | la
13 | 🇧🇪 | Belgique | Belgium | la
14 | 🇬🇷 | Grèce | Greece | la
15 | 🇹🇷 | Turquie | Turkey | la
16 | 🇩🇪 | Allemagne | Germany | l'
17 | 🇰🇭 | Cambodge | Cambodia | le
18 | 🇸🇬 | Singapour | Singapore | ∅
19 | 🇲🇾 | Malaisie | Malaysia | la
20 | 🇹🇭 | Thaïlande | Thailand | la
21 | 🏴󠁧󠁢󠁥󠁮󠁧󠁿 | Angleterre | England | l'
22 | 🇬🇧 | Grande-Bretagne | Great Britain | la
23 | 🇹🇳 | Tunisie | Tunisia | la
24 | 🇲🇦 | Maroc | Morocco | le
25 | 🇩🇿 | Algérie | Algeria | l'","Matching (not Letris): 25 pairs — flag + C'est quel pays ? ↔ Le pays, c'est… + country with article. Article reference: ∅ (2) · le (4) · la (12) · l' (5) · les (2).",Spoken Production,I can name countries with the correct article and ask which country something is.,Label 25 countries with le/la/l'/les/∅ (≥20/25); ask C'est quel pays ?
Unité 1,SIO-016,Nationalities,"Produce nationality adjectives in 4 forms (m.sg, f.sg, m.pl, f.pl) for 25 countries; link country → nationality",1.06,25 cards — flag + country + 'Et les habitants ?' + m.sg ending highlighted,"🇫🇷 France → il est français · elle est française · ils sont français · elles sont françaises
🇵🇹 Portugal → il est portugais · elle est portugaise · ils sont portugais · elles sont portugaises
🇨🇳 Chine → il est chinois · elle est chinoise · ils sont chinois · elles sont chinoises
🇮🇩 Indonésie → il est indonésien · elle est indonésienne · ils sont indonésiens · elles sont indonésiennes
🇰🇷 Corée → il est coréen · elle est coréenne · ils sont coréens · elles sont coréennes
🇺🇸 États-Unis → il est américain · elle est américaine · ils sont américains · elles sont américaines
🇲🇽 Mexique → il est mexicain · elle est mexicaine · ils sont mexicains · elles sont mexicaines
🇨🇺 Cuba → il est cubain · elle est cubaine · ils sont cubains · elles sont cubaines
🇵🇭 Philippines → il est philippin · elle est philippine · ils sont philippins · elles sont philippines
🇦🇷 Argentine → il est argentin · elle est argentine · ils sont argentins · elles sont argentines
🇷🇺 Russie → il est russe · elle est russe · ils sont russes · elles sont russes
🇨🇭 Suisse → il est suisse · elle est suisse · ils sont suisses · elles sont suisses
🇧🇪 Belgique → il est belge · elle est belge · ils sont belges · elles sont belges
🇬🇷 Grèce → il est grec · elle est grecque · ils sont grecs · elles sont grecques
🇹🇷 Turquie → il est turc · elle est turque · ils sont turcs · elles sont turques
🇩🇪 Allemagne → il est allemand · elle est allemande · ils sont allemands · elles sont allemandes
🇰🇭 Cambodge → il est cambodgien · elle est cambodgienne · ils sont cambodgiens · elles sont cambodgiennes
🇸🇬 Singapour → il est singapourien · elle est singapourienne · ils sont singapouriens · elles sont singapouriennes
🇲🇾 Malaisie → il est malaisien · elle est malaisienne · ils sont malaisiens · elles sont malaisiennes
🇹🇭 Thaïlande → il est thaïlandais · elle est thaïlandaise · ils sont thaïlandais · elles sont thaïlandaises
🏴󠁧󠁢󠁥󠁮󠁧󠁿 Angleterre → il est anglais · elle est anglaise · ils sont anglais · elles sont anglaises
🇬🇧 Grande-Bretagne → il est britannique · elle est britannique · ils sont britanniques · elles sont britanniques
🇹🇳 Tunisie → il est tunisien · elle est tunisienne · ils sont tunisiens · elles sont tunisiennes
🇲🇦 Maroc → il est marocain · elle est marocaine · ils sont marocains · elles sont marocaines
🇩🇿 Algérie → il est algérien · elle est algérienne · ils sont algériens · elles sont algériennes","1: Flag | 2: Country | 3: m.sg | 4: f.sg | 5: m.pl | 6: f.pl

# | Flag | Country | m.sg | f.sg | m.pl | f.pl
1 | 🇫🇷 | France | français | française | français | françaises
2 | 🇵🇹 | Portugal | portugais | portugaise | portugais | portugaises
3 | 🇨🇳 | Chine | chinois | chinoise | chinois | chinoises
4 | 🇮🇩 | Indonésie | indonésien | indonésienne | indonésiens | indonésiennes
5 | 🇰🇷 | Corée | coréen | coréenne | coréens | coréennes
6 | 🇺🇸 | États-Unis | américain | américaine | américains | américaines
7 | 🇲🇽 | Mexique | mexicain | mexicaine | mexicains | mexicaines
8 | 🇨🇺 | Cuba | cubain | cubaine | cubains | cubaines
9 | 🇵🇭 | Philippines | philippin | philippine | philippins | philippines
10 | 🇦🇷 | Argentine | argentin | argentine | argentins | argentines
11 | 🇷🇺 | Russie | russe | russe | russes | russes
12 | 🇨🇭 | Suisse | suisse | suisse | suisses | suisses
13 | 🇧🇪 | Belgique | belge | belge | belges | belges
14 | 🇬🇷 | Grèce | grec | grecque | grecs | grecques
15 | 🇹🇷 | Turquie | turc | turque | turcs | turques
16 | 🇩🇪 | Allemagne | allemand | allemande | allemands | allemandes
17 | 🇰🇭 | Cambodge | cambodgien | cambodgienne | cambodgiens | cambodgiennes
18 | 🇸🇬 | Singapour | singapourien | singapourienne | singapouriens | singapouriennes
19 | 🇲🇾 | Malaisie | malaisien | malaisienne | malaisiens | malaisiennes
20 | 🇹🇭 | Thaïlande | thaïlandais | thaïlandaise | thaïlandais | thaïlandaises
21 | 🏴󠁧󠁢󠁥󠁮󠁧󠁿 | Angleterre | anglais | anglaise | anglais | anglaises
22 | 🇬🇧 | Grande-Bretagne | britannique | britannique | britanniques | britanniques
23 | 🇹🇳 | Tunisie | tunisien | tunisienne | tunisiens | tunisiennes
24 | 🇲🇦 | Maroc | marocain | marocaine | marocains | marocaines
25 | 🇩🇿 | Algérie | algérien | algérienne | algériens | algériennes",Matching (not Letris): 25 pairs — flag + country ↔ 4 nationality forms (il est / elle est / ils sont / elles sont). Optional flip: m.sg front → 4 forms back.,Spoken Production,"I can say what nationality someone is, using the correct form.",Produce all 4 nationality forms for each of 25 countries; match country → nationality (≥20/25).
Unité 1,SIO-017,Languages,Name languages linked to 25 countries; use on parle ___,1.07,"25 cards — flag + 'C'est quel pays ? Ici, on parle ____.'","🇫🇷 France → on parle le français
🇵🇹 Portugal → on parle le portugais
🇨🇳 Chine → on parle le chinois
🇮🇩 Indonésie → on parle l'indonésien
🇰🇷 Corée → on parle le coréen
🇺🇸 États-Unis → on parle l'anglais
🇲🇽 Mexique → on parle l'espagnol
🇨🇺 Cuba → on parle l'espagnol
🇵🇭 Philippines → on parle le filipino et l'anglais
🇦🇷 Argentine → on parle l'espagnol
🇷🇺 Russie → on parle le russe
🇨🇭 Suisse → on parle le français, l'allemand et l'italien
🇧🇪 Belgique → on parle le français et le néerlandais
🇬🇷 Grèce → on parle le grec
🇹🇷 Turquie → on parle le turc
🇩🇪 Allemagne → on parle l'allemand
🇰🇭 Cambodge → on parle le khmer
🇸🇬 Singapour → on parle l'anglais, le malais et le mandarin
🇲🇾 Malaisie → on parle le malais
🇹🇭 Thaïlande → on parle le thaï
🏴󠁧󠁢󠁥󠁮󠁧󠁿 Angleterre → on parle l'anglais
🇬🇧 Grande-Bretagne → on parle l'anglais
🇹🇳 Tunisie → on parle l'arabe et le français
🇲🇦 Maroc → on parle l'arabe et le français
🇩🇿 Algérie → on parle l'arabe et le français","1: Flag | 2: Country | 3: Language(s)

# | Flag | Country | Language(s)
1 | 🇫🇷 | France | le français
2 | 🇵🇹 | Portugal | le portugais
3 | 🇨🇳 | Chine | le chinois
4 | 🇮🇩 | Indonésie | l'indonésien
5 | 🇰🇷 | Corée | le coréen
6 | 🇺🇸 | États-Unis | l'anglais
7 | 🇲🇽 | Mexique | l'espagnol
8 | 🇨🇺 | Cuba | l'espagnol
9 | 🇵🇭 | Philippines | le filipino et l'anglais
10 | 🇦🇷 | Argentine | l'espagnol
11 | 🇷🇺 | Russie | le russe
12 | 🇨🇭 | Suisse | le français, l'allemand et l'italien
13 | 🇧🇪 | Belgique | le français et le néerlandais
14 | 🇬🇷 | Grèce | le grec
15 | 🇹🇷 | Turquie | le turc
16 | 🇩🇪 | Allemagne | l'allemand
17 | 🇰🇭 | Cambodge | le khmer
18 | 🇸🇬 | Singapour | l'anglais, le malais et le mandarin
19 | 🇲🇾 | Malaisie | le malais
20 | 🇹🇭 | Thaïlande | le thaï
21 | 🏴󠁧󠁢󠁥󠁮󠁧󠁿 | Angleterre | l'anglais
22 | 🇬🇧 | Grande-Bretagne | l'anglais
23 | 🇹🇳 | Tunisie | l'arabe et le français
24 | 🇲🇦 | Maroc | l'arabe et le français
25 | 🇩🇿 | Algérie | l'arabe et le français",Matching (not Letris): 25 pairs — flag + country ↔ language(s) (on parle…).,Spoken Production,I can say which language(s) are spoken in a given country.,Match each of 25 countries to its language(s) (≥20/25).
Unité 1,SIO-018,Numbers 20–69,"Read/say 20–69; recognise 6 tens; produce composites (21,31…69) with et un where applicable",1.08,"24 cards — numeral only
17 cards (recap 0,11–19) + 5 cards (20,30,40,50,60) + 1 card (21,31,41,51,61) + 1 pattern card",Spelled-out words (e.g. vingt / trente et un / soixante et un),1: Numeral | 2: In words | 3: Feature (tens/et un/composite) | 4: Notes,No baskets — falling spelled words; user types the numeral,Spoken Interaction,"I can understand and say numbers from 20 to 69 in simple exchanges (ages, prices, quantities).",Read aloud any number 20–69; identify the 6 tens; build composites 21–69 with et un where required (≥90%).
Unité 1,SIO-019,Avoir — age & states,"Conjugate avoir; express age (J'ai ___ ans) and states (faim, soif, chaud, froid); distinguish être (triste, fatigué, content) vs avoir; affirmative and negative forms",1.09,12 cards of short text,"- J'ai faim. Tu n'as pas faim? - Non, mais j'ai soif. - Vous avez soif? - Non. nous n'avons pas soif. Nous avons faim, - Il a chaud? - Non, Il n'a pas chaud: Il a froid. - Ils ont froid? - Non, Ils n'ont pas chaud: ils ont froid. - Vous êtes tristes? - Non, nous ne sommes pas tristes: nous sommes fatigués. - Elles sont contentes ? - Oui, elles ne ont pas tristes. - Tu as quel âge? - Moi, j'ai 20 ans. - Vous avez quel âge? - Lui, il a 21 ans et moi, j'ai 22 ans. - Elle n'a pas 18 ans? Elle a quel âge ? - In'est pas professeur : il est étudiant. - Je ne suis pas français; je suis singapourien(ne). - Elle a combien d'enfants ? - Elle a deux enfants.","17 lines in the Overview:

1. French column

Tu as faim.
J'ai faim aussi.
Vous avez soif?
Il a chaud
Ils ont froid
Vous êtes tristes
Nous sommes fatigués
Elles sont contentes
Tu as quel âge
Vous avez quel âge
J'ai 20 ans
Il a 21 ans.
Elle a quel âge
Il est étudiant
Nous ne sommes pas français.
Je suis singapourien(ne)
Elle a deux enfants.

2. English
3. Negative versions
4. être or avoir
5. notes",2 baskets: ÊTRE / AVOIR,Spoken Interaction,"I can say my age and how I feel, in the affirmative and the negative.",Conjugate avoir (≥7/8); give age (J'ai ___ ans); express the 4 states; sort 6 states into être vs avoir (≥5/6); produce affirmative and negative forms.
Unité 1,SIO-020,Mini-text: present a country,"Write 3–4 sentences presenting a francophone country (name, location, language, one cultural fact)",1.10,,,,⛔ Production task — no flashcard,Written Production,"I can write a few simple sentences about a francophone country I know, if I can prepare.","Write 3–4 comprehensible sentences with all 4 elements present (name, location, language, one cultural fact)."
Unité 2,SIO-021,Everyday objects — c'est un… / ce sont des…,Identify and present objects/people using c'est + un/une + N and ce sont + des + N; ask C'est quoi ?,2.01,~10 cards — image or emoji (e.g. 📱 / 📚 / 🎒),"C'est un ___ / C'est une ___ / Ce sont des ___
(e.g. C'est un téléphone. / Ce sont des livres.)",1: Image | 2: French phrase | 3: English | 4: Article | 5: Notes,3 baskets: un / une / des,Spoken Production,I can point out and name objects and people and ask what something is.,"Present ≥6 of the 14 items (un sac, un livre, un cahier, un téléphone, un stylo, un crayon, un passeport, une carte d'identité, une trousse, des ciseaux, une gomme, un portefeuille, des lunettes, une clé) with c'est + un/une and ce sont + des; ask C'est quoi ?"
Unité 2,SIO-023,"Leisure activities — j'aime, j'adore",Express likes using aimer + definite article + N (J'aime le cinéma) and aimer + infinitive (J'aime lire); conjugate across all persons,2.03,~8 cards — English cue (e.g. 'I like reading' / 'She likes sport'),"French sentence with aimer
(e.g. J'aime lire. / Elle aime le sport. / Nous aimons la musique.)",1: French phrase | 2: English | 3: Structure: aimer + N or + inf. | 4: Notes,No baskets — focus on sentence pattern,Spoken Production,I can say what things and activities I like.,Conjugate aimer in all persons; produce aimer + definite article + N and aimer + infinitive (≥2 each).
Unité 2,SIO-024,faire + article contraction,"Say what one does using faire + du/de la/de l'/des; produce the correct article contraction (faire du sport, faire de la natation, faire de l'équitation, faire des randonnées)",2.04,~10 cards — activity emoji (e.g. ⚽ / 🏊 / 🚴 / 🎭),"faire + article contraction + activity
(e.g. faire du sport / faire de la natation / faire de l'équitation / faire des randonnées)",1: Emoji | 2: French phrase | 3: English | 4: Article contraction | 5: Notes,4 baskets: du / de la / de l' / des,Spoken Production,I can say what sports and activities I do.,Produce faire + du/de la/de l'/des with the correct contraction for ≥6 activities (≥80%).
Unité 2,SIO-026,aller + article contraction,"Say where one goes using aller + au/à la/à l'/aux; correct article contraction (aller au cinéma, à la plage, à l'école, aux magasins)",2.06,~10 cards — place emoji + English (e.g. 🎬 cinema / 🏖️ beach / 🏫 school / 🛒 shops),"Je vais + article contraction + place
(e.g. Je vais au cinéma. / Elle va à la plage. / Ils vont aux magasins.)",1: Emoji | 2: French phrase | 3: English | 4: Article contraction (au/à la/à l'/aux) | 5: Notes,4 baskets: au / à la / à l' / aux,Spoken Production,I can say where I go.,Produce aller + au/à la/à l'/aux with the correct contraction for ≥6 destinations (≥80%).
Unité 2,SIO-022,Possessives,"Use possessive adjectives mon/ma/mes, ton/ta/tes, son/sa/ses, notre/votre/leur/leurs; apply correct form based on gender and number of the noun (not the owner)",2.02,"~12 cards — English prompt with gender/number hint
(e.g. 'my book (m)' / 'your keys (pl)' / 'his sister (f)')","French possessive + noun
(e.g. mon livre / tes clés / sa sœur / notre classe / leurs amis)",1: French phrase | 2: English | 3: Owner (1st/2nd/3rd person) | 4: Gender/number of noun | 5: Form used | 6: Notes,"3 baskets: mon·ma·mes / ton·ta·tes / son·sa·ses
(A1 focus: 1st–3rd sg; notre/votre/leur as extension)",Spoken Production,I can say what belongs to me and to others.,"Select the correct possessive (mon/ma/mes … son/sa/ses, + notre/votre/leur) by the noun's gender/number for ≥8 prompts (≥80%)."
Unité 2,SIO-027,Time — when I do it,"Say when one does something: le lundi, le week-end, tous les jours/soirs/matins, à + time (à 8 heures, à midi, à minuit)",2.07,~10 cards — English time cue (e.g. 'on Mondays' / 'every evening' / 'at 8am'),"French time expression
(e.g. le lundi / tous les soirs / à 8 heures / le week-end)",1: French phrase | 2: English | 3: Type: day/frequency/clock | 4: Notes,3 baskets: jour / fréquence / heure,Spoken Production,I can say when I do my regular activities.,"Use le + day, le week-end, tous les…, and à + time for ≥5 prompts; sort into day/frequency/clock."
Unité 2,SIO-028,Négation — pas de ou pas le ?,"Use ne … pas with the right article family: pas de/d' after faire, il y a and quantities (Je ne fais pas de tennis. / Il n'y a pas d'eau.), but keep le/la/les after aimer, adorer, détester (Je n'aime pas le tennis.)",2.08,"~10 cards in pairs — English cue
(e.g. 🎾 'I don't play tennis' vs 'I don't like tennis')","French pair showing the article shift
(e.g. Je ne fais pas de tennis. / Je n'aime pas le tennis.
☕ Il n'y a pas de café. / Je n'aime pas le café.)",1: French sentence | 2: English | 3: Verb: faire / il y a / aimer | 4: pas de or pas le | 5: Notes,"2 baskets: pas de/d' (faire, il y a, quantities) / pas le-la-les (aimer, adorer, détester)",Spoken Production,I can say what I don't do and what I don't like.,"use ne … pas de after faire/il y a and quantities, but keep le/la/les after aimer, adorer and détester"
Unité 2,SIO-025,pourquoi ? parce que,Ask and answer why: Pourquoi ? → parce que c'est + adjective or parce que j'aime + N,2.05,"~6 cards — English Q+A cue
(e.g. 'Why do you like sport? — because it's fun')",Pourquoi ? — Parce que c'est amusant. / Parce que j'aime le sport.,1: Question cue | 2: French answer | 3: English | 4: Notes,No baskets,Spoken Interaction,I can ask why and give a simple reason for a preference.,Answer Pourquoi ? with parce que c'est + adjective or parce que j'aime + N for ≥3 prompts.
Unité 2,SIO-029,"vouloir — invite, accept, refuse, reschedule","Use vouloir to invite (Tu veux venir ?), accept (Je veux bien !), refuse (Je ne peux pas), reschedule (On peut se voir samedi ?)",2.09,"~8 cards — situation label
(e.g. 'Invite a friend' / 'Decline politely' / 'Suggest another time')","French phrase by function
(e.g. Tu veux venir au cinéma ?
/ Je veux bien !
/ Désolé(e), je ne peux pas.
/ On peut se voir samedi ?)",1: French phrase | 2: English | 3: Function: inviter/accepter/refuser/reporter | 4: Notes,4 baskets: inviter / accepter / refuser / reporter,Spoken Interaction,"I can invite someone and accept, refuse, or suggest another time, using set phrases.",Use vouloir/pouvoir to perform all 4 functions (inviter/accepter/refuser/reporter) in a short dialogue.
Unité 2,SIO-030,Well wishes + connectors for a short email,"Produce well-wish formulas (Bon anniversaire!, Bonne chance!, Bon voyage!, Bonne année!, Bonne fête!); use connectors in a short holiday email (d'abord, ensuite, aussi, mais, et, enfin)",2.10,"Two card types:
① Well wishes (~6 cards) — occasion/emoji (e.g. 🎂 / ✈️ / 🎉)
② Connectors (~5 cards) — English connector (e.g. 'first of all' / 'then' / 'but')","① French wish phrase (e.g. Bon anniversaire ! / Bon voyage !)
② French connector (e.g. d'abord / ensuite / mais)",1: French phrase | 2: English | 3: Type: vœu or connecteur | 4: Notes,"No baskets for wishes · Connectors: ordering activity
⚠️ Email production itself = no flashcard",Written Production,"I can write a short, friendly message with good wishes and simple linking words, if I can prepare.",Produce well-wish formulas; write a 4–6 sentence email using ≥3 connectors (d'abord/ensuite/aussi/mais/et/enfin) correctly.
Unité 3,SIO-031,Weather,"Describe weather: Il fait beau/chaud/froid/mauvais, il pleut, il neige, il y a du vent/du soleil/des nuages; ask Quel temps fait-il ?",3.01,~10 cards — weather icon/emoji (e.g. ☀️ / 🌧️ / ❄️ / 💨 / ⛅),"French weather phrase + TTS
(e.g. Il fait beau. / Il pleut. / Il y a du vent. / Il neige.)",1: Icon | 2: French phrase | 3: English | 4: Notes,No baskets,Spoken Interaction,I can talk about and ask about today's weather in simple terms.,Describe the weather with ≥6 expressions (≥80%); ask Quel temps fait-il ?
Unité 3,SIO-032,en / au / aux / à — prepositions for cities & countries,"Use en/au/aux/à with être, aller, venir for location and movement (Je suis en France. / Je vais au Japon. / Elle vient des États-Unis.)",3.02,~10 cards — country/flag + English cue (e.g. 'I am in France' / 'She comes from Japan'),"French phrase with correct preposition
(e.g. Je suis en France. / Je vais au Japon. / Elle vient des États-Unis.)",1: French phrase | 2: English | 3: Preposition | 4: Country article | 5: Notes,4 baskets: en / au / aux / à,Spoken Production,"I can say which country I am in, going to, or coming from.",Use en/au/aux/à with être/aller/venir in ≥6 sentences (≥80%).
Unité 3,SIO-033,Places in town,Use être/aller/venir + article contraction for town places (Je suis au café. / Je vais à la pharmacie. / Il vient du marché.),3.03,~10 cards — place icon + English (e.g. 🏥 / 🏦 / 🛒),"French phrase with article contraction
(e.g. Je vais à la pharmacie. / Il est au marché. / Elle vient de l'hôpital.)",1: Icon | 2: French phrase | 3: English | 4: Article contraction | 5: Notes,4 baskets: au / à la / à l' / aux,Spoken Production,"I can say where I am, where I am going, and where I am coming from around town.","Use être/aller/venir + contraction (au/à la/à l'/aux, du/de la/de l') in ≥6 sentences (≥80%)."
Unité 3,SIO-034,Locating places + article contraction,"Locate places using spatial prepositions + article contraction: à côté du/de la/de l', en face du/de la, près du/de la, loin du/de la",3.04,~8 cards — simple diagram or English cue (e.g. 'next to the bakery' / 'opposite the park'),"French phrase with preposition + article contraction
(e.g. C'est à côté de la boulangerie. / C'est en face du parc.)",1: Diagram | 2: French phrase | 3: English | 4: Preposition | 5: Article contraction | 6: Notes,No baskets — visual matching format,Spoken Production,I can say where a place is in relation to another one.,"Use the spatial prepositions (à côté de, en face de, près de, loin de) + correct contraction for ≥4 prompts."
Unité 3,SIO-035,Yes/no and open-ended questions,"Form yes/no questions with Est-ce que…? and intonation; form open-ended questions with Où, Quand, Comment, Pourquoi, Qu'est-ce que, Qui, Combien de",3.05,~10 cards — English question (e.g. 'Do you like sport?' / 'Where do you live?'),"French question using the target structure
(e.g. Est-ce que tu aimes le sport ? / Où est-ce que tu habites ?)",1: French question | 2: English | 3: Type: oui/non or ouvert | 4: Question word | 5: Notes,2 baskets: oui/non / question ouverte,Spoken Interaction,I can ask simple yes/no and open questions to get the information I need.,Form a yes/no question with Est-ce que…?; form an open question with each of the 7 question words (≥80%).
Unité 3,SIO-036,Directions + ordinal numbers,"Ask for and give directions without the imperative, producing vous + present and c'est + preposition (Vous allez tout droit. / Vous tournez à gauche. / Vous prenez la première rue à droite. / C'est au bout de la rue.), and understanding the il faut + infinitive and on + present variants met in the reading texts; use the ordinals première and deuxième in street directions",3.06,"~12 cards — direction arrow icon + English cue
(e.g. '↑ It's straight ahead' / '← You have to turn left' / '🏠 1st floor')","French phrase (no imperative)
(e.g. C'est tout droit. / Il faut tourner à gauche. / On prend la deuxième rue à droite. / C'est au premier étage.)",1: Direction icon | 2: French phrase | 3: English | 4: Ordinal used | 5: Notes,"4 baskets: tout droit / à gauche / à droite / il faut + inf.
Ordinal numbers integrated into direction cues",Spoken Interaction,"I can ask for and give simple directions to a place, without using commands.","Give directions with vous + present / c'est + preposition (no imperative), understanding il faut + infinitive / on + present variants; use the ordinals première and deuxième correctly in ≥4 prompts (≥80%)."
Unité 3,SIO-037,pouvoir — what one can do (+ where),Use pouvoir + infinitive for possibility and permission; conjugate across key persons; say what can be done in a place (On peut visiter le musée. / Je peux manger ici ? / Vous pouvez vous garer ici.),3.07,"~8 cards — English cue
(e.g. 'Can I eat here?' / 'You can visit the museum' / 'We can walk around')","French phrase with pouvoir
(e.g. Je peux manger ici ? / On peut visiter le musée. / Tu peux te garer là.)",1: French phrase | 2: English | 3: Subject | 4: Infinitive | 5: Notes,No baskets — focus on pouvoir conjugation + infinitive,Spoken Interaction,I can say what is possible or allowed in a place and ask for permission.,Conjugate pouvoir (key persons); produce ≥3 on peut / je peux / vous pouvez + infinitive statements.
Unité 3,SIO-038,"Getting around — en train, à vélo (+ y)",Ask how one gets somewhere (Comment tu vas à l'école ?); answer with prendre + mode of transport; use pronoun y (J'y vais en bus. / On y va ? / Je prends le métro.),3.08,"~10 cards — transport emoji + English
(e.g. 🚌 by bus / ✈️ by plane / 🚇 by metro / 'Let's go there!')","French phrase with prendre or y
(e.g. Je prends le bus. / J'y vais en métro. / On y va ? / Elle prend l'avion.)",1: Emoji | 2: French phrase | 3: English | 4: Structure: prendre or y | 5: Notes,3 baskets: le / la / l' (for prendre + transport article),Spoken Interaction,I can ask how someone travels somewhere and say how I get there.,Ask Comment tu vas à…?; answer with prendre + transport; use the pronoun y in ≥3 sentences.
Unité 3,SIO-039,Wants and needs,"Express wants and needs using je voudrais, j'aimerais, j'ai envie de, j'ai besoin de, je veux + noun or infinitive",3.09,"~8 cards — English cue
(e.g. 'I would like a coffee' / 'I need a hotel' / 'I want to visit Paris')","French phrase by frame
(e.g. Je voudrais un café. / J'ai besoin d'un hôtel. / J'aimerais visiter Paris. / Je veux partir en vacances.)",1: French phrase | 2: English | 3: Frame: voudrais/aimerais/besoin de/veux | 4: Notes,4 baskets: voudrais / aimerais / besoin de / veux,Spoken Interaction,I can express what I want and need politely.,Use je voudrais / j'aimerais / j'ai besoin de / je veux + noun or infinitive (all 4).
Unité 3,SIO-040,Describe itinerary steps with connectors,"Describe the steps for arriving somewhere using d'abord, puis, ensuite, après, enfin/finalement, giving each step in the present tense with an explicit subject (D'abord, tu prends la première rue à droite. Ensuite, tu vas tout droit. — no imperative); combine with transport and direction vocabulary",3.10,"~6 cards — English cue for one itinerary step
(e.g. 'First, you take the metro' / 'Then you turn left' / 'Finally it's on the right')","Representative itinerary model sentences (assemble in order, no imperative)
D'abord, on prend le métro ligne 1.
Puis, il faut descendre à Châtelet.
Ensuite, on tourne à gauche.
Après, c'est tout droit.
Enfin, c'est la deuxième rue à droite.",1: French model sentence | 2: English | 3: Connector | 4: Sequence position | 5: Notes,5-step ordering activity: d'abord → puis → ensuite → après → enfin,Spoken Production,"I can explain step by step how to get somewhere, linking the steps in order.","Describe ≥4 ordered steps using d'abord/puis/ensuite/après/enfin, each step in the present tense with an explicit subject (no imperative), with transport + direction vocabulary."
Unité 4,SIO-041,Aliments + meals,"Name meals (petit-déjeuner, déjeuner, goûter, dîner) and common foods/drinks at each; say what one eats/drinks",4.01,~12 cards — food emoji or meal icon (e.g. 🥐 / 🍽️ / ☕),"French noun with article / meal name
(e.g. un croissant / le déjeuner / du café / une pomme)",1: Emoji | 2: French (with article) | 3: English | 4: Meal association | 5: Notes,3 baskets: petit-déjeuner / déjeuner / dîner,Spoken Production,I can say what I eat and drink at each meal.,Name the 4 meals and ≥2 foods/drinks each; say what I eat/drink (≥80%).
Unité 4,SIO-042,Partitives + manger/boire,Distinguish liking (J'aime le pain — défini) from consuming (Je mange du pain — partitif); use du/de la/de l'/des with food verbs; switch to de/d' after a negative (Je ne mange pas de viande. / Il ne boit pas d'alcool.); conjugate manger and boire across all persons,4.02,"~12 cards in three strands — English cue
(e.g. 'I like bread' vs 'I eat bread' · 'I don't eat meat' · 'she / drinks / water')","French showing the article or the form
(e.g. J'aime le pain. → Je mange du pain.
Je mange de la viande. → Je ne mange pas de viande.
Elle boit de l'eau. / Nous mangeons des pâtes.)",1: French | 2: English | 3: Strand: défini vs partitif / négatif / conjugaison | 4: Article or form | 5: Notes,3 baskets: défini (le/la/les) / partitif (du/de la/de l'/des) / négatif (de/d'),Spoken Production,I can talk about what I eat and drink — and what I don't — using the right articles.,Choose definite vs partitive correctly in ≥8 prompts (≥80%); rewrite ≥5 negatives with de/d'; conjugate manger and boire (≥7/8 each).
Unité 4,SIO-043,Frequency adverbs,"Describe habits using toujours, souvent, parfois, rarement, (ne…) jamais; place adverb correctly after the verb",4.03,"~5 cards — frequency scale bar + English
(e.g. ████ always → toujours / ░░░░ never → jamais)","French adverb + example sentence
(e.g. toujours / Il boit toujours du café le matin.)",1: French adverb | 2: English | 3: Scale (%) | 4: Example sentence | 5: Notes,5-card ordering activity: toujours → souvent → parfois → rarement → jamais; adverb sits after the verb,Spoken Production,I can say how often I do everyday things.,Place the 5 frequency adverbs correctly relative to the verb in ≥5 sentences; order them on a frequency scale.
Unité 4,SIO-044,"Commerces — shopping, and the market exchange","Identify food shops (boulangerie, épicerie, boucherie, marché, supermarché); say where one shops; ask Combien ça coûte ? / Je voudrais ___, s'il vous plaît. Play both sides of a market exchange and know who says what: Je voudrais 2 kilos de pommes de terre. / Et avec ceci ? / Ça fait combien ? / C'est tout, merci ! / Ça fait 5,89 €.",4.04,"~10 shop cards — icon + English (e.g. 🥖 bakery / 🥩 butcher / 🐟 fishmonger)
plus ~8 exchange cards — English line + who says it","French shop name + what it sells, or the French line
(e.g. une boulangerie — du pain, des croissants
🍎 Je voudrais deux kilos de pommes. — le client
➕ Et avec ceci ? — le marchand)","1: Icon | 2: French | 3: English | 4: Products sold, or le marchand / le client | 5: Notes","2 baskets: un / une for the shops; then order the exchange from Bonjour, vous désirez ? to Voici votre monnaie.",Spoken Interaction,"I can shop for food, ask the price, ask for what I want politely, and handle a simple market exchange on either side of the stall.","Match ≥5 shops to what they sell; say where I shop; ask Combien ça coûte ? / Je voudrais ___, s'il vous plaît; assign each line of a market dialogue to le marchand or le client, put the exchange in order, and produce Je voudrais…, Ça fait combien ?, Et avec ceci ?"
Unité 4,SIO-045A,Numbers 70–99,Understand and produce the numbers 70–99 — the soixante-dix and quatre-vingt system needed to handle real market prices: Ça fait quatre-vingt-cinq euros.,4.05A,"~10 cards — the numeral (e.g. 70 / 85 / 91 / 99)
plus market price tags (e.g. 🏷️ 5,89 €)","French number written out
(e.g. soixante-dix / quatre-vingt-cinq / quatre-vingt-onze / quatre-vingt-dix-neuf)",1: Numeral | 2: French | 3: Built from: 60+10 / 4×20 / 4×20+10 | 4: Ça fait ___ euros. | 5: Notes,3 baskets: soixante-dix… (60+10) / quatre-vingt… (4×20) / quatre-vingt-dix… (4×20+10),Spoken Interaction,"I can say and understand the numbers from 70 to 99, including in prices.","Count 70–99 following the soixante-dix / quatre-vingts patterns, and use them in market prices (Ça fait … euros)."
Unité 4,SIO-046,Demonstratives,"Use ce/cet/cette/ces; apply correct form by gender and number (ce pain, cet ananas, cette tarte, ces légumes)",4.06,"~8 cards — noun + English with gender/number label
(e.g. 'this bread (m)' / 'this pineapple (m+vowel)' / 'these vegetables (pl)')","French demonstrative + noun
(e.g. ce pain / cet ananas / cette tarte / ces légumes)",1: French phrase | 2: English | 3: Gender/number | 4: Form (ce/cet/cette/ces) | 5: Notes,4 baskets: ce / cet / cette / ces,Spoken Production,I can point out specific items (this/these) when shopping or ordering.,Select ce/cet/cette/ces correctly by gender/number for ≥8 nouns (≥80%).
Unité 4,SIO-047,Making plans — aller + infinitif,"Talk about plans with the futur proche: aller + infinitive across all persons (Je vais manger. / Nous allons visiter le marché.); say what you are going to do today, this weekend, after class",4.07,"~8 cards — English cue with the person
(e.g. 'I'm going to do sport' / 'we're going to visit the market')","French futur proche — aller conjugated + infinitive
(e.g. Je vais faire du sport. / Nous allons visiter le marché. / Ils vont réserver pour huit heures.)",1: French sentence | 2: English | 3: Person | 4: Form of aller | 5: Infinitive,6 baskets by person: je vais / tu vas / il-elle va / nous allons / vous allez / ils-elles vont,Spoken Production,I can say what I am going to do.,Produce ≥5 futur-proche sentences with correctly conjugated aller + infinitive.
Unité 4,SIO-048,Giving advice — devoir / falloir / pouvoir,"Give simple advice with tu dois + inf (personal obligation), il faut + inf (general necessity) and tu peux + inf (suggestion): Tu dois dormir plus. / Il faut manger des légumes. / Tu peux prendre le bus.",4.08,"~9 cards — English cue with the function
(e.g. 'suggestion: you can taste' / 'obligation: you must eat vegetables' / 'general rule: one must drink water')","French advice with the matching structure
(e.g. Tu peux goûter. / Tu dois manger des légumes. / Il faut boire de l'eau.)",1: French phrase | 2: English | 3: Structure: pouvoir / devoir / falloir | 4: Function: suggestion / personal obligation / general necessity | 5: Notes,3 baskets: pouvoir (tu peux) / devoir (tu dois) / falloir (il faut),Spoken Production,"I can give simple advice about food, health and daily life.",Give ≥5 pieces of advice using devoir/falloir/pouvoir + infinitive with correct forms.
Unité 4,SIO-049,Reviewing a restaurant,Give a simple restaurant review with positive and negative points (C'est délicieux ! / Le service est lent. / C'est trop cher mais c'est bon. / Je recommande / Je ne recommande pas.),4.09,"~8 cards — evaluation cue
(e.g. '👍 delicious food' / '👎 slow service' / '💰 too expensive')","French evaluation phrase
(e.g. C'est délicieux ! / Le service est lent.
/ C'est trop cher mais c'est bon.
/ Je recommande ce restaurant !)",1: French phrase | 2: English | 3: + or − | 4: Notes,2 baskets: positif / négatif,Spoken Production,"I can give a simple opinion about a restaurant, mentioning good and bad points.","State ≥1 positive point, ≥1 negative point, and a clear recommendation (Je recommande / Je ne recommande pas)."
Unité 4,SIO-050,Role-play: restaurant scene,"Role-play a complete restaurant interaction: greet the waiter, read the menu, order (entrée/plat/boisson/dessert), interact during the meal, ask for the bill, pay and say goodbye",4.10,,,,⛔ Production/spoken task — no flashcard,Spoken Interaction,"I can get by in a simple restaurant visit from arrival to paying, using set phrases, as long as staff are patient.","Complete all 6 steps: greet, read the menu, order (entrée/plat/boisson/dessert), interact, ask for the bill, pay and say goodbye."
