priority,kind,deck,id,fr,en,current,why,filename,prompt
1,LOW-RES,aliments,l-abricot.jpg,les abricots,,/devine/l-abricot.jpg,160x160 source shown at 132 CSS px — upscaled 1.6x-2.5x on any modern phone,l-abricot.jpg,"les abricots — the food itself, fresh, appetising, in a plain white bowl or on a plain plate where a container is needed. hyperrealistic 3D render, single subject centred and isolated, plain warm off-white background (#FBFBF6), soft studio key light from upper-left with a gentle fill, subtle contact shadow beneath, photoreal materials and micro-detail, no text, no labels, no watermark, square 1:1, 1024x1024"
1,LOW-RES,aliments,l-ail.jpg,l'ail,,/devine/l-ail.jpg,160x160 source shown at 132 CSS px — upscaled 1.6x-2.5x on any modern phone,l-ail.jpg,"l'ail — the food itself, fresh, appetising, in a plain white bowl or on a plain plate where a container is needed. hyperrealistic 3D render, single subject centred and isolated, plain warm off-white background (#FBFBF6), soft studio key light from upper-left with a gentle fill, subtle contact shadow beneath, photoreal materials and micro-detail, no text, no labels, no watermark, square 1:1, 1024x1024"
1,LOW-RES,aliments,l-ananas.jpg,l'ananas,,/devine/l-ananas.jpg,160x160 source shown at 132 CSS px — upscaled 1.6x-2.5x on any modern phone,l-ananas.jpg,"l'ananas — the food itself, fresh, appetising, in a plain white bowl or on a plain plate where a container is needed. hyperrealistic 3D render, single subject centred and isolated, plain warm off-white background (#FBFBF6), soft studio key light from upper-left with a gentle fill, subtle contact shadow beneath, photoreal materials and micro-detail, no text, no labels, no watermark, square 1:1, 1024x1024"
1,LOW-RES,aliments,l-avocat.jpg,l'avocat,,/devine/l-avocat.jpg,160x160 source shown at 132 CSS px — upscaled 1.6x-2.5x on any modern phone,l-avocat.jpg,"l'avocat — the food itself, fresh, appetising, in a plain white bowl or on a plain plate where a container is needed. hyperrealistic 3D render, single subject centred and isolated, plain warm off-white background (#FBFBF6), soft studio key light from upper-left with a gentle fill, subtle contact shadow beneath, photoreal materials and micro-detail, no text, no labels, no watermark, square 1:1, 1024x1024"
1,LOW-RES,aliments,l-eau.jpg,l'eau,,/devine/l-eau.jpg,160x160 source shown at 132 CSS px — upscaled 1.6x-2.5x on any modern phone,l-eau.jpg,"l'eau — the food itself, fresh, appetising, in a plain white bowl or on a plain plate where a container is needed. hyperrealistic 3D render, single subject centred and isolated, plain warm off-white background (#FBFBF6), soft studio key light from upper-left with a gentle fill, subtle contact shadow beneath, photoreal materials and micro-detail, no text, no labels, no watermark, square 1:1, 1024x1024"
1,LOW-RES,aliments,l-huile-d-olive.jpg,l'huile d'olive,,/devine/l-huile-d-olive.jpg,160x160 source shown at 132 CSS px — upscaled 1.6x-2.5x on any modern phone,l-huile-d-olive.jpg,"l'huile d'olive — the food itself, fresh, appetising, in a plain white bowl or on a plain plate where a container is needed. hyperrealistic 3D render, single subject centred and isolated, plain warm off-white background (#FBFBF6), soft studio key light from upper-left with a gentle fill, subtle contact shadow beneath, photoreal materials and micro-detail, no text, no labels, no watermark, square 1:1, 1024x1024"
1,LOW-RES,aliments,l-orange.jpg,l'orange,,/devine/l-orange.jpg,160x160 source shown at 132 CSS px — upscaled 1.6x-2.5x on any modern phone,l-orange.jpg,"l'orange — the food itself, fresh, appetising, in a plain white bowl or on a plain plate where a container is needed. hyperrealistic 3D render, single subject centred and isolated, plain warm off-white background (#FBFBF6), soft studio key light from upper-left with a gentle fill, subtle contact shadow beneath, photoreal materials and micro-detail, no text, no labels, no watermark, square 1:1, 1024x1024"
1,LOW-RES,aliments,la-baguette.jpg,la baguette,,/devine/la-baguette.jpg,160x160 source shown at 132 CSS px — upscaled 1.6x-2.5x on any modern phone,la-baguette.jpg,"la baguette — the food itself, fresh, appetising, in a plain white bowl or on a plain plate where a container is needed. hyperrealistic 3D render, single subject centred and isolated, plain warm off-white background (#FBFBF6), soft studio key light from upper-left with a gentle fill, subtle contact shadow beneath, photoreal materials and micro-detail, no text, no labels, no watermark, square 1:1, 1024x1024"
1,LOW-RES,aliments,la-banane.jpg,les bananes,,/devine/la-banane.jpg,160x160 source shown at 132 CSS px — upscaled 1.6x-2.5x on any modern phone,la-banane.jpg,"les bananes — the food itself, fresh, appetising, in a plain white bowl or on a plain plate where a container is needed. hyperrealistic 3D render, single subject centred and isolated, plain warm off-white background (#FBFBF6), soft studio key light from upper-left with a gentle fill, subtle contact shadow beneath, photoreal materials and micro-detail, no text, no labels, no watermark, square 1:1, 1024x1024"
1,LOW-RES,aliments,la-carotte.jpg,la carotte,,/devine/la-carotte.jpg,160x160 source shown at 132 CSS px — upscaled 1.6x-2.5x on any modern phone,la-carotte.jpg,"la carotte — the food itself, fresh, appetising, in a plain white bowl or on a plain plate where a container is needed. hyperrealistic 3D render, single subject centred and isolated, plain warm off-white background (#FBFBF6), soft studio key light from upper-left with a gentle fill, subtle contact shadow beneath, photoreal materials and micro-detail, no text, no labels, no watermark, square 1:1, 1024x1024"
1,LOW-RES,aliments,la-confiture.jpg,la confiture,,/devine/la-confiture.jpg,160x160 source shown at 132 CSS px — upscaled 1.6x-2.5x on any modern phone,la-confiture.jpg,"la confiture — the food itself, fresh, appetising, in a plain white bowl or on a plain plate where a container is needed. hyperrealistic 3D render, single subject centred and isolated, plain warm off-white background (#FBFBF6), soft studio key light from upper-left with a gentle fill, subtle contact shadow beneath, photoreal materials and micro-detail, no text, no labels, no watermark, square 1:1, 1024x1024"
1,LOW-RES,aliments,la-fraise.jpg,la fraise,,/devine/la-fraise.jpg,160x160 source shown at 132 CSS px — upscaled 1.6x-2.5x on any modern phone,la-fraise.jpg,"la fraise — the food itself, fresh, appetising, in a plain white bowl or on a plain plate where a container is needed. hyperrealistic 3D render, single subject centred and isolated, plain warm off-white background (#FBFBF6), soft studio key light from upper-left with a gentle fill, subtle contact shadow beneath, photoreal materials and micro-detail, no text, no labels, no watermark, square 1:1, 1024x1024"
1,LOW-RES,aliments,la-pasteque.jpg,la pastèque,,/devine/la-pasteque.jpg,160x160 source shown at 132 CSS px — upscaled 1.6x-2.5x on any modern phone,la-pasteque.jpg,"la pastèque — the food itself, fresh, appetising, in a plain white bowl or on a plain plate where a container is needed. hyperrealistic 3D render, single subject centred and isolated, plain warm off-white background (#FBFBF6), soft studio key light from upper-left with a gentle fill, subtle contact shadow beneath, photoreal materials and micro-detail, no text, no labels, no watermark, square 1:1, 1024x1024"
1,LOW-RES,aliments,la-peche.jpg,la pêche,,/devine/la-peche.jpg,160x160 source shown at 132 CSS px — upscaled 1.6x-2.5x on any modern phone,la-peche.jpg,"la pêche — the food itself, fresh, appetising, in a plain white bowl or on a plain plate where a container is needed. hyperrealistic 3D render, single subject centred and isolated, plain warm off-white background (#FBFBF6), soft studio key light from upper-left with a gentle fill, subtle contact shadow beneath, photoreal materials and micro-detail, no text, no labels, no watermark, square 1:1, 1024x1024"
1,LOW-RES,aliments,la-pizza.jpg,la pizza,,/devine/la-pizza.jpg,160x160 source shown at 132 CSS px — upscaled 1.6x-2.5x on any modern phone,la-pizza.jpg,"la pizza — the food itself, fresh, appetising, in a plain white bowl or on a plain plate where a container is needed. hyperrealistic 3D render, single subject centred and isolated, plain warm off-white background (#FBFBF6), soft studio key light from upper-left with a gentle fill, subtle contact shadow beneath, photoreal materials and micro-detail, no text, no labels, no watermark, square 1:1, 1024x1024"
1,LOW-RES,aliments,la-poire.jpg,les poires,,/devine/la-poire.jpg,160x160 source shown at 132 CSS px — upscaled 1.6x-2.5x on any modern phone,la-poire.jpg,"les poires — the food itself, fresh, appetising, in a plain white bowl or on a plain plate where a container is needed. hyperrealistic 3D render, single subject centred and isolated, plain warm off-white background (#FBFBF6), soft studio key light from upper-left with a gentle fill, subtle contact shadow beneath, photoreal materials and micro-detail, no text, no labels, no watermark, square 1:1, 1024x1024"
1,LOW-RES,aliments,la-pomme.jpg,les pommes,,/devine/la-pomme.jpg,160x160 source shown at 132 CSS px — upscaled 1.6x-2.5x on any modern phone,la-pomme.jpg,"les pommes — the food itself, fresh, appetising, in a plain white bowl or on a plain plate where a container is needed. hyperrealistic 3D render, single subject centred and isolated, plain warm off-white background (#FBFBF6), soft studio key light from upper-left with a gentle fill, subtle contact shadow beneath, photoreal materials and micro-detail, no text, no labels, no watermark, square 1:1, 1024x1024"
1,LOW-RES,aliments,la-salade.jpg,la salade,,/devine/la-salade.jpg,160x160 source shown at 132 CSS px — upscaled 1.6x-2.5x on any modern phone,la-salade.jpg,"la salade — the food itself, fresh, appetising, in a plain white bowl or on a plain plate where a container is needed. hyperrealistic 3D render, single subject centred and isolated, plain warm off-white background (#FBFBF6), soft studio key light from upper-left with a gentle fill, subtle contact shadow beneath, photoreal materials and micro-detail, no text, no labels, no watermark, square 1:1, 1024x1024"
1,LOW-RES,aliments,la-tomate.jpg,les tomates,,/devine/la-tomate.jpg,160x160 source shown at 132 CSS px — upscaled 1.6x-2.5x on any modern phone,la-tomate.jpg,"les tomates — the food itself, fresh, appetising, in a plain white bowl or on a plain plate where a container is needed. hyperrealistic 3D render, single subject centred and isolated, plain warm off-white background (#FBFBF6), soft studio key light from upper-left with a gentle fill, subtle contact shadow beneath, photoreal materials and micro-detail, no text, no labels, no watermark, square 1:1, 1024x1024"
1,LOW-RES,aliments,la-vanille.jpg,la vanille,,/devine/la-vanille.jpg,160x160 source shown at 132 CSS px — upscaled 1.6x-2.5x on any modern phone,la-vanille.jpg,"la vanille — the food itself, fresh, appetising, in a plain white bowl or on a plain plate where a container is needed. hyperrealistic 3D render, single subject centred and isolated, plain warm off-white background (#FBFBF6), soft studio key light from upper-left with a gentle fill, subtle contact shadow beneath, photoreal materials and micro-detail, no text, no labels, no watermark, square 1:1, 1024x1024"
1,LOW-RES,aliments,la-viande.jpg,la viande,,/devine/la-viande.jpg,160x160 source shown at 132 CSS px — upscaled 1.6x-2.5x on any modern phone,la-viande.jpg,"la viande — the food itself, fresh, appetising, in a plain white bowl or on a plain plate where a container is needed. hyperrealistic 3D render, single subject centred and isolated, plain warm off-white background (#FBFBF6), soft studio key light from upper-left with a gentle fill, subtle contact shadow beneath, photoreal materials and micro-detail, no text, no labels, no watermark, square 1:1, 1024x1024"
1,LOW-RES,aliments,le-beurre.jpg,le beurre,,/devine/le-beurre.jpg,160x160 source shown at 132 CSS px — upscaled 1.6x-2.5x on any modern phone,le-beurre.jpg,"le beurre — the food itself, fresh, appetising, in a plain white bowl or on a plain plate where a container is needed. hyperrealistic 3D render, single subject centred and isolated, plain warm off-white background (#FBFBF6), soft studio key light from upper-left with a gentle fill, subtle contact shadow beneath, photoreal materials and micro-detail, no text, no labels, no watermark, square 1:1, 1024x1024"
1,LOW-RES,aliments,le-brocoli.jpg,le brocoli,,/devine/le-brocoli.jpg,160x160 source shown at 132 CSS px — upscaled 1.6x-2.5x on any modern phone,le-brocoli.jpg,"le brocoli — the food itself, fresh, appetising, in a plain white bowl or on a plain plate where a container is needed. hyperrealistic 3D render, single subject centred and isolated, plain warm off-white background (#FBFBF6), soft studio key light from upper-left with a gentle fill, subtle contact shadow beneath, photoreal materials and micro-detail, no text, no labels, no watermark, square 1:1, 1024x1024"
1,LOW-RES,aliments,le-cafe.jpg,le café,,/devine/le-cafe.jpg,160x160 source shown at 132 CSS px — upscaled 1.6x-2.5x on any modern phone,le-cafe.jpg,"le café — the food itself, fresh, appetising, in a plain white bowl or on a plain plate where a container is needed. hyperrealistic 3D render, single subject centred and isolated, plain warm off-white background (#FBFBF6), soft studio key light from upper-left with a gentle fill, subtle contact shadow beneath, photoreal materials and micro-detail, no text, no labels, no watermark, square 1:1, 1024x1024"
1,LOW-RES,aliments,le-champignon.jpg,le champignon,,/devine/le-champignon.jpg,160x160 source shown at 132 CSS px — upscaled 1.6x-2.5x on any modern phone,le-champignon.jpg,"le champignon — the food itself, fresh, appetising, in a plain white bowl or on a plain plate where a container is needed. hyperrealistic 3D render, single subject centred and isolated, plain warm off-white background (#FBFBF6), soft studio key light from upper-left with a gentle fill, subtle contact shadow beneath, photoreal materials and micro-detail, no text, no labels, no watermark, square 1:1, 1024x1024"
1,LOW-RES,aliments,le-chocolat.jpg,le chocolat,,/devine/le-chocolat.jpg,160x160 source shown at 132 CSS px — upscaled 1.6x-2.5x on any modern phone,le-chocolat.jpg,"le chocolat — the food itself, fresh, appetising, in a plain white bowl or on a plain plate where a container is needed. hyperrealistic 3D render, single subject centred and isolated, plain warm off-white background (#FBFBF6), soft studio key light from upper-left with a gentle fill, subtle contact shadow beneath, photoreal materials and micro-detail, no text, no labels, no watermark, square 1:1, 1024x1024"
1,LOW-RES,aliments,le-chou-fleur.jpg,le chou-fleur,,/devine/le-chou-fleur.jpg,160x160 source shown at 132 CSS px — upscaled 1.6x-2.5x on any modern phone,le-chou-fleur.jpg,"le chou-fleur — the food itself, fresh, appetising, in a plain white bowl or on a plain plate where a container is needed. hyperrealistic 3D render, single subject centred and isolated, plain warm off-white background (#FBFBF6), soft studio key light from upper-left with a gentle fill, subtle contact shadow beneath, photoreal materials and micro-detail, no text, no labels, no watermark, square 1:1, 1024x1024"
1,LOW-RES,aliments,le-citron.jpg,le citron,,/devine/le-citron.jpg,160x160 source shown at 132 CSS px — upscaled 1.6x-2.5x on any modern phone,le-citron.jpg,"le citron — the food itself, fresh, appetising, in a plain white bowl or on a plain plate where a container is needed. hyperrealistic 3D render, single subject centred and isolated, plain warm off-white background (#FBFBF6), soft studio key light from upper-left with a gentle fill, subtle contact shadow beneath, photoreal materials and micro-detail, no text, no labels, no watermark, square 1:1, 1024x1024"
1,LOW-RES,aliments,le-concombre.jpg,les concombres,,/devine/le-concombre.jpg,160x160 source shown at 132 CSS px — upscaled 1.6x-2.5x on any modern phone,le-concombre.jpg,"les concombres — the food itself, fresh, appetising, in a plain white bowl or on a plain plate where a container is needed. hyperrealistic 3D render, single subject centred and isolated, plain warm off-white background (#FBFBF6), soft studio key light from upper-left with a gentle fill, subtle contact shadow beneath, photoreal materials and micro-detail, no text, no labels, no watermark, square 1:1, 1024x1024"
1,LOW-RES,aliments,le-croissant.jpg,le croissant,,/devine/le-croissant.jpg,160x160 source shown at 132 CSS px — upscaled 1.6x-2.5x on any modern phone,le-croissant.jpg,"le croissant — the food itself, fresh, appetising, in a plain white bowl or on a plain plate where a container is needed. hyperrealistic 3D render, single subject centred and isolated, plain warm off-white background (#FBFBF6), soft studio key light from upper-left with a gentle fill, subtle contact shadow beneath, photoreal materials and micro-detail, no text, no labels, no watermark, square 1:1, 1024x1024"
1,LOW-RES,aliments,le-fromage.jpg,le fromage,,/devine/le-fromage.jpg,160x160 source shown at 132 CSS px — upscaled 1.6x-2.5x on any modern phone,le-fromage.jpg,"le fromage — the food itself, fresh, appetising, in a plain white bowl or on a plain plate where a container is needed. hyperrealistic 3D render, single subject centred and isolated, plain warm off-white background (#FBFBF6), soft studio key light from upper-left with a gentle fill, subtle contact shadow beneath, photoreal materials and micro-detail, no text, no labels, no watermark, square 1:1, 1024x1024"
1,LOW-RES,aliments,le-gateau-au-chocolat.jpg,le gâteau au chocolat,,/devine/le-gateau-au-chocolat.jpg,160x160 source shown at 132 CSS px — upscaled 1.6x-2.5x on any modern phone,le-gateau-au-chocolat.jpg,"le gâteau au chocolat — the food itself, fresh, appetising, in a plain white bowl or on a plain plate where a container is needed. hyperrealistic 3D render, single subject centred and isolated, plain warm off-white background (#FBFBF6), soft studio key light from upper-left with a gentle fill, subtle contact shadow beneath, photoreal materials and micro-detail, no text, no labels, no watermark, square 1:1, 1024x1024"
1,LOW-RES,aliments,le-jambon.jpg,le jambon,,/devine/le-jambon.jpg,160x160 source shown at 132 CSS px — upscaled 1.6x-2.5x on any modern phone,le-jambon.jpg,"le jambon — the food itself, fresh, appetising, in a plain white bowl or on a plain plate where a container is needed. hyperrealistic 3D render, single subject centred and isolated, plain warm off-white background (#FBFBF6), soft studio key light from upper-left with a gentle fill, subtle contact shadow beneath, photoreal materials and micro-detail, no text, no labels, no watermark, square 1:1, 1024x1024"
1,LOW-RES,aliments,le-kiwi.jpg,le kiwi,,/devine/le-kiwi.jpg,160x160 source shown at 132 CSS px — upscaled 1.6x-2.5x on any modern phone,le-kiwi.jpg,"le kiwi — the food itself, fresh, appetising, in a plain white bowl or on a plain plate where a container is needed. hyperrealistic 3D render, single subject centred and isolated, plain warm off-white background (#FBFBF6), soft studio key light from upper-left with a gentle fill, subtle contact shadow beneath, photoreal materials and micro-detail, no text, no labels, no watermark, square 1:1, 1024x1024"
1,LOW-RES,aliments,le-lait.jpg,le lait,,/devine/le-lait.jpg,160x160 source shown at 132 CSS px — upscaled 1.6x-2.5x on any modern phone,le-lait.jpg,"le lait — the food itself, fresh, appetising, in a plain white bowl or on a plain plate where a container is needed. hyperrealistic 3D render, single subject centred and isolated, plain warm off-white background (#FBFBF6), soft studio key light from upper-left with a gentle fill, subtle contact shadow beneath, photoreal materials and micro-detail, no text, no labels, no watermark, square 1:1, 1024x1024"
1,LOW-RES,aliments,le-miel.jpg,le miel,,/devine/le-miel.jpg,160x160 source shown at 132 CSS px — upscaled 1.6x-2.5x on any modern phone,le-miel.jpg,"le miel — the food itself, fresh, appetising, in a plain white bowl or on a plain plate where a container is needed. hyperrealistic 3D render, single subject centred and isolated, plain warm off-white background (#FBFBF6), soft studio key light from upper-left with a gentle fill, subtle contact shadow beneath, photoreal materials and micro-detail, no text, no labels, no watermark, square 1:1, 1024x1024"
1,LOW-RES,aliments,le-pain.jpg,le pain,,/devine/le-pain.jpg,160x160 source shown at 132 CSS px — upscaled 1.6x-2.5x on any modern phone,le-pain.jpg,"le pain — the food itself, fresh, appetising, in a plain white bowl or on a plain plate where a container is needed. hyperrealistic 3D render, single subject centred and isolated, plain warm off-white background (#FBFBF6), soft studio key light from upper-left with a gentle fill, subtle contact shadow beneath, photoreal materials and micro-detail, no text, no labels, no watermark, square 1:1, 1024x1024"
1,LOW-RES,aliments,le-pamplemousse.jpg,le pamplemousse,,/devine/le-pamplemousse.jpg,160x160 source shown at 132 CSS px — upscaled 1.6x-2.5x on any modern phone,le-pamplemousse.jpg,"le pamplemousse — the food itself, fresh, appetising, in a plain white bowl or on a plain plate where a container is needed. hyperrealistic 3D render, single subject centred and isolated, plain warm off-white background (#FBFBF6), soft studio key light from upper-left with a gentle fill, subtle contact shadow beneath, photoreal materials and micro-detail, no text, no labels, no watermark, square 1:1, 1024x1024"
1,LOW-RES,aliments,le-poisson.jpg,le poisson,,/devine/le-poisson.jpg,160x160 source shown at 132 CSS px — upscaled 1.6x-2.5x on any modern phone,le-poisson.jpg,"le poisson — the food itself, fresh, appetising, in a plain white bowl or on a plain plate where a container is needed. hyperrealistic 3D render, single subject centred and isolated, plain warm off-white background (#FBFBF6), soft studio key light from upper-left with a gentle fill, subtle contact shadow beneath, photoreal materials and micro-detail, no text, no labels, no watermark, square 1:1, 1024x1024"
1,LOW-RES,aliments,le-poivre.jpg,le poivre,,/devine/le-poivre.jpg,160x160 source shown at 132 CSS px — upscaled 1.6x-2.5x on any modern phone,le-poivre.jpg,"le poivre — the food itself, fresh, appetising, in a plain white bowl or on a plain plate where a container is needed. hyperrealistic 3D render, single subject centred and isolated, plain warm off-white background (#FBFBF6), soft studio key light from upper-left with a gentle fill, subtle contact shadow beneath, photoreal materials and micro-detail, no text, no labels, no watermark, square 1:1, 1024x1024"
1,LOW-RES,aliments,le-poivron.jpg,les poivrons,,/devine/le-poivron.jpg,160x160 source shown at 132 CSS px — upscaled 1.6x-2.5x on any modern phone,le-poivron.jpg,"les poivrons — the food itself, fresh, appetising, in a plain white bowl or on a plain plate where a container is needed. hyperrealistic 3D render, single subject centred and isolated, plain warm off-white background (#FBFBF6), soft studio key light from upper-left with a gentle fill, subtle contact shadow beneath, photoreal materials and micro-detail, no text, no labels, no watermark, square 1:1, 1024x1024"
1,LOW-RES,aliments,le-poulet.jpg,le poulet,,/devine/le-poulet.jpg,160x160 source shown at 132 CSS px — upscaled 1.6x-2.5x on any modern phone,le-poulet.jpg,"le poulet — the food itself, fresh, appetising, in a plain white bowl or on a plain plate where a container is needed. hyperrealistic 3D render, single subject centred and isolated, plain warm off-white background (#FBFBF6), soft studio key light from upper-left with a gentle fill, subtle contact shadow beneath, photoreal materials and micro-detail, no text, no labels, no watermark, square 1:1, 1024x1024"
1,LOW-RES,aliments,le-riz.jpg,le riz,,/devine/le-riz.jpg,160x160 source shown at 132 CSS px — upscaled 1.6x-2.5x on any modern phone,le-riz.jpg,"le riz — the food itself, fresh, appetising, in a plain white bowl or on a plain plate where a container is needed. hyperrealistic 3D render, single subject centred and isolated, plain warm off-white background (#FBFBF6), soft studio key light from upper-left with a gentle fill, subtle contact shadow beneath, photoreal materials and micro-detail, no text, no labels, no watermark, square 1:1, 1024x1024"
1,LOW-RES,aliments,le-saucisson.jpg,le saucisson,,/devine/le-saucisson.jpg,160x160 source shown at 132 CSS px — upscaled 1.6x-2.5x on any modern phone,le-saucisson.jpg,"le saucisson — the food itself, fresh, appetising, in a plain white bowl or on a plain plate where a container is needed. hyperrealistic 3D render, single subject centred and isolated, plain warm off-white background (#FBFBF6), soft studio key light from upper-left with a gentle fill, subtle contact shadow beneath, photoreal materials and micro-detail, no text, no labels, no watermark, square 1:1, 1024x1024"
1,LOW-RES,aliments,le-sel.jpg,le sel,,/devine/le-sel.jpg,160x160 source shown at 132 CSS px — upscaled 1.6x-2.5x on any modern phone,le-sel.jpg,"le sel — the food itself, fresh, appetising, in a plain white bowl or on a plain plate where a container is needed. hyperrealistic 3D render, single subject centred and isolated, plain warm off-white background (#FBFBF6), soft studio key light from upper-left with a gentle fill, subtle contact shadow beneath, photoreal materials and micro-detail, no text, no labels, no watermark, square 1:1, 1024x1024"
1,LOW-RES,aliments,le-sucre.jpg,le sucre,,/devine/le-sucre.jpg,160x160 source shown at 132 CSS px — upscaled 1.6x-2.5x on any modern phone,le-sucre.jpg,"le sucre — the food itself, fresh, appetising, in a plain white bowl or on a plain plate where a container is needed. hyperrealistic 3D render, single subject centred and isolated, plain warm off-white background (#FBFBF6), soft studio key light from upper-left with a gentle fill, subtle contact shadow beneath, photoreal materials and micro-detail, no text, no labels, no watermark, square 1:1, 1024x1024"
1,LOW-RES,aliments,le-vinaigre.jpg,le vinaigre,,/devine/le-vinaigre.jpg,160x160 source shown at 132 CSS px — upscaled 1.6x-2.5x on any modern phone,le-vinaigre.jpg,"le vinaigre — the food itself, fresh, appetising, in a plain white bowl or on a plain plate where a container is needed. hyperrealistic 3D render, single subject centred and isolated, plain warm off-white background (#FBFBF6), soft studio key light from upper-left with a gentle fill, subtle contact shadow beneath, photoreal materials and micro-detail, no text, no labels, no watermark, square 1:1, 1024x1024"
1,LOW-RES,aliments,le-yaourt.jpg,le yaourt,,/devine/le-yaourt.jpg,160x160 source shown at 132 CSS px — upscaled 1.6x-2.5x on any modern phone,le-yaourt.jpg,"le yaourt — the food itself, fresh, appetising, in a plain white bowl or on a plain plate where a container is needed. hyperrealistic 3D render, single subject centred and isolated, plain warm off-white background (#FBFBF6), soft studio key light from upper-left with a gentle fill, subtle contact shadow beneath, photoreal materials and micro-detail, no text, no labels, no watermark, square 1:1, 1024x1024"
1,LOW-RES,aliments,les-crepes.jpg,les crêpes,,/devine/les-crepes.jpg,160x160 source shown at 132 CSS px — upscaled 1.6x-2.5x on any modern phone,les-crepes.jpg,"les crêpes — the food itself, fresh, appetising, in a plain white bowl or on a plain plate where a container is needed. hyperrealistic 3D render, single subject centred and isolated, plain warm off-white background (#FBFBF6), soft studio key light from upper-left with a gentle fill, subtle contact shadow beneath, photoreal materials and micro-detail, no text, no labels, no watermark, square 1:1, 1024x1024"
1,LOW-RES,aliments,les-haricots-verts.jpg,les haricots verts,,/devine/les-haricots-verts.jpg,160x160 source shown at 132 CSS px — upscaled 1.6x-2.5x on any modern phone,les-haricots-verts.jpg,"les haricots verts — the food itself, fresh, appetising, in a plain white bowl or on a plain plate where a container is needed. hyperrealistic 3D render, single subject centred and isolated, plain warm off-white background (#FBFBF6), soft studio key light from upper-left with a gentle fill, subtle contact shadow beneath, photoreal materials and micro-detail, no text, no labels, no watermark, square 1:1, 1024x1024"
1,LOW-RES,aliments,les-macarons.jpg,les macarons,,/devine/les-macarons.jpg,160x160 source shown at 132 CSS px — upscaled 1.6x-2.5x on any modern phone,les-macarons.jpg,"les macarons — the food itself, fresh, appetising, in a plain white bowl or on a plain plate where a container is needed. hyperrealistic 3D render, single subject centred and isolated, plain warm off-white background (#FBFBF6), soft studio key light from upper-left with a gentle fill, subtle contact shadow beneath, photoreal materials and micro-detail, no text, no labels, no watermark, square 1:1, 1024x1024"
1,LOW-RES,aliments,les-pates.jpg,les pâtes,,/devine/les-pates.jpg,160x160 source shown at 132 CSS px — upscaled 1.6x-2.5x on any modern phone,les-pates.jpg,"les pâtes — the food itself, fresh, appetising, in a plain white bowl or on a plain plate where a container is needed. hyperrealistic 3D render, single subject centred and isolated, plain warm off-white background (#FBFBF6), soft studio key light from upper-left with a gentle fill, subtle contact shadow beneath, photoreal materials and micro-detail, no text, no labels, no watermark, square 1:1, 1024x1024"
1,LOW-RES,aliments,les-petits-pois.jpg,les petits pois,,/devine/les-petits-pois.jpg,160x160 source shown at 132 CSS px — upscaled 1.6x-2.5x on any modern phone,les-petits-pois.jpg,"les petits pois — the food itself, fresh, appetising, in a plain white bowl or on a plain plate where a container is needed. hyperrealistic 3D render, single subject centred and isolated, plain warm off-white background (#FBFBF6), soft studio key light from upper-left with a gentle fill, subtle contact shadow beneath, photoreal materials and micro-detail, no text, no labels, no watermark, square 1:1, 1024x1024"
1,LOW-RES,aliments,les-pommes-de-terre.jpg,les pommes de terre,,/devine/les-pommes-de-terre.jpg,160x160 source shown at 132 CSS px — upscaled 1.6x-2.5x on any modern phone,les-pommes-de-terre.jpg,"les pommes de terre — the food itself, fresh, appetising, in a plain white bowl or on a plain plate where a container is needed. hyperrealistic 3D render, single subject centred and isolated, plain warm off-white background (#FBFBF6), soft studio key light from upper-left with a gentle fill, subtle contact shadow beneath, photoreal materials and micro-detail, no text, no labels, no watermark, square 1:1, 1024x1024"
1,LOW-RES,aliments,les-sushis.jpg,les sushis,,/devine/les-sushis.jpg,160x160 source shown at 132 CSS px — upscaled 1.6x-2.5x on any modern phone,les-sushis.jpg,"les sushis — the food itself, fresh, appetising, in a plain white bowl or on a plain plate where a container is needed. hyperrealistic 3D render, single subject centred and isolated, plain warm off-white background (#FBFBF6), soft studio key light from upper-left with a gentle fill, subtle contact shadow beneath, photoreal materials and micro-detail, no text, no labels, no watermark, square 1:1, 1024x1024"
1,LOW-RES,aliments,les-ufs.jpg,les œufs,,/devine/les-ufs.jpg,160x160 source shown at 132 CSS px — upscaled 1.6x-2.5x on any modern phone,les-ufs.jpg,"les œufs — the food itself, fresh, appetising, in a plain white bowl or on a plain plate where a container is needed. hyperrealistic 3D render, single subject centred and isolated, plain warm off-white background (#FBFBF6), soft studio key light from upper-left with a gentle fill, subtle contact shadow beneath, photoreal materials and micro-detail, no text, no labels, no watermark, square 1:1, 1024x1024"
0,DROPPED,commerces,commerces-16,Ça fait combien ?,How much is it (all together)?,💶,do not generate — this item no longer plays in SpecuLearn (5 Sep): commerces plays its shop nouns only,commerces-16.png,"a customer at a till pointing at a price display, questioning gesture. hyperrealistic 3D render, single subject centred and isolated, plain warm off-white background (#FBFBF6), soft studio key light from upper-left with a gentle fill, subtle contact shadow beneath, photoreal materials and micro-detail, no text, no labels, no watermark, square 1:1, 1024x1024"
0,DROPPED,commerces,commerces-25,Voici votre monnaie.,Here's your change.,🪙,do not generate — this item no longer plays in SpecuLearn (5 Sep): commerces plays its shop nouns only,commerces-25.png,"a shopkeeper placing coins into a customer's open palm. hyperrealistic 3D render, single subject centred and isolated, plain warm off-white background (#FBFBF6), soft studio key light from upper-left with a gentle fill, subtle contact shadow beneath, photoreal materials and micro-detail, no text, no labels, no watermark, square 1:1, 1024x1024"
0,DROPPED,commerces,commerces-27,euros,euros,💶,do not generate — this item no longer plays in SpecuLearn (5 Sep): commerces plays its shop nouns only,commerces-27.png,"a small fan of euro banknotes, clearly euros. hyperrealistic 3D render, single subject centred and isolated, plain warm off-white background (#FBFBF6), soft studio key light from upper-left with a gentle fill, subtle contact shadow beneath, photoreal materials and micro-detail, no text, no labels, no watermark, square 1:1, 1024x1024"
0,DROPPED,commerces,commerces-28,monnaie,change (money),🪙,do not generate — this item no longer plays in SpecuLearn (5 Sep): commerces plays its shop nouns only,commerces-28.png,"a loose handful of euro coins, small change. hyperrealistic 3D render, single subject centred and isolated, plain warm off-white background (#FBFBF6), soft studio key light from upper-left with a gentle fill, subtle contact shadow beneath, photoreal materials and micro-detail, no text, no labels, no watermark, square 1:1, 1024x1024"
0,DROPPED,commerces,commerces-15,Je voudrais deux kilos de pommes.,I'd like two kilos of apples.,🍎,do not generate — this item no longer plays in SpecuLearn (5 Sep): commerces plays its shop nouns only,commerces-15.png,"a shopper handing over a paper bag of apples on a market scale reading 2 kg. hyperrealistic 3D render, single subject centred and isolated, plain warm off-white background (#FBFBF6), soft studio key light from upper-left with a gentle fill, subtle contact shadow beneath, photoreal materials and micro-detail, no text, no labels, no watermark, square 1:1, 1024x1024"
0,DROPPED,commerces,commerces-17,"C'est tout, merci !","That's all, thank you!",✅,do not generate — this item no longer plays in SpecuLearn (5 Sep): commerces plays its shop nouns only,commerces-17.png,"a customer closing their wallet with a small polite nod, basket done. hyperrealistic 3D render, single subject centred and isolated, plain warm off-white background (#FBFBF6), soft studio key light from upper-left with a gentle fill, subtle contact shadow beneath, photoreal materials and micro-detail, no text, no labels, no watermark, square 1:1, 1024x1024"
0,DROPPED,commerces,commerces-18,Vous avez des fraises ?,Do you have any strawberries?,🍓,do not generate — this item no longer plays in SpecuLearn (5 Sep): commerces plays its shop nouns only,commerces-18.png,"a customer pointing at a punnet of strawberries on a market stall. hyperrealistic 3D render, single subject centred and isolated, plain warm off-white background (#FBFBF6), soft studio key light from upper-left with a gentle fill, subtle contact shadow beneath, photoreal materials and micro-detail, no text, no labels, no watermark, square 1:1, 1024x1024"
0,DROPPED,commerces,commerces-19,Voilà dix euros.,Here's ten euros.,💸,do not generate — this item no longer plays in SpecuLearn (5 Sep): commerces plays its shop nouns only,commerces-19.png,"a hand offering a ten-euro note across a shop counter. hyperrealistic 3D render, single subject centred and isolated, plain warm off-white background (#FBFBF6), soft studio key light from upper-left with a gentle fill, subtle contact shadow beneath, photoreal materials and micro-detail, no text, no labels, no watermark, square 1:1, 1024x1024"
0,DROPPED,commerces,commerces-20,Je vais prendre un melon.,I'll take a melon.,🍈,do not generate — this item no longer plays in SpecuLearn (5 Sep): commerces plays its shop nouns only,commerces-20.png,"a customer picking up one melon from a fruit display. hyperrealistic 3D render, single subject centred and isolated, plain warm off-white background (#FBFBF6), soft studio key light from upper-left with a gentle fill, subtle contact shadow beneath, photoreal materials and micro-detail, no text, no labels, no watermark, square 1:1, 1024x1024"
0,DROPPED,commerces,commerces-21,"Bonjour, vous désirez ?","Hello, what would you like?",🧑‍🌾,do not generate — this item no longer plays in SpecuLearn (5 Sep): commerces plays its shop nouns only,commerces-21.png,"a greengrocer behind a stall greeting a customer, welcoming gesture. hyperrealistic 3D render, single subject centred and isolated, plain warm off-white background (#FBFBF6), soft studio key light from upper-left with a gentle fill, subtle contact shadow beneath, photoreal materials and micro-detail, no text, no labels, no watermark, square 1:1, 1024x1024"
0,DROPPED,commerces,commerces-22,Et avec ceci ?,Anything else?,➕,do not generate — this item no longer plays in SpecuLearn (5 Sep): commerces plays its shop nouns only,commerces-22.png,"a shopkeeper gesturing 'anything else?' over a half-full counter. hyperrealistic 3D render, single subject centred and isolated, plain warm off-white background (#FBFBF6), soft studio key light from upper-left with a gentle fill, subtle contact shadow beneath, photoreal materials and micro-detail, no text, no labels, no watermark, square 1:1, 1024x1024"
0,DROPPED,commerces,commerces-23,"Ça fait 5,89 euros.",That comes to 5.89 euros.,🧾,do not generate — this item no longer plays in SpecuLearn (5 Sep): commerces plays its shop nouns only,commerces-23.png,"a printed till receipt showing a total of 5,89 EUR. hyperrealistic 3D render, single subject centred and isolated, plain warm off-white background (#FBFBF6), soft studio key light from upper-left with a gentle fill, subtle contact shadow beneath, photoreal materials and micro-detail, no text, no labels, no watermark, square 1:1, 1024x1024"
0,DROPPED,commerces,commerces-24,C'est trois euros le kilo.,It's three euros a kilo.,⚖️,do not generate — this item no longer plays in SpecuLearn (5 Sep): commerces plays its shop nouns only,commerces-24.png,"a price card on a market stall reading '3 EUR / kg' beside produce. hyperrealistic 3D render, single subject centred and isolated, plain warm off-white background (#FBFBF6), soft studio key light from upper-left with a gentle fill, subtle contact shadow beneath, photoreal materials and micro-detail, no text, no labels, no watermark, square 1:1, 1024x1024"
0,DROPPED,commerces,commerces-26,Je vous en mets combien ?,How much shall I give you?,🤲,do not generate — this item no longer plays in SpecuLearn (5 Sep): commerces plays its shop nouns only,commerces-26.png,"a greengrocer holding a scoop over a crate, asking how much. hyperrealistic 3D render, single subject centred and isolated, plain warm off-white background (#FBFBF6), soft studio key light from upper-left with a gentle fill, subtle contact shadow beneath, photoreal materials and micro-detail, no text, no labels, no watermark, square 1:1, 1024x1024"
3,SENTENCE,consignes,consignes-01,Écoutez !,Listen!,👂,a full sentence; one emoji cannot carry a clause,consignes-01.png,"a person cupping one hand behind their ear, listening intently. hyperrealistic 3D render, single subject centred and isolated, plain warm off-white background (#FBFBF6), soft studio key light from upper-left with a gentle fill, subtle contact shadow beneath, photoreal materials and micro-detail, no text, no labels, no watermark, square 1:1, 1024x1024"
3,SENTENCE,consignes,consignes-02,Regardez !,Look!,👀,a full sentence; one emoji cannot carry a clause,consignes-02.png,"a pair of eyes looking attentively at an open book on a desk. hyperrealistic 3D render, single subject centred and isolated, plain warm off-white background (#FBFBF6), soft studio key light from upper-left with a gentle fill, subtle contact shadow beneath, photoreal materials and micro-detail, no text, no labels, no watermark, square 1:1, 1024x1024"
3,SENTENCE,consignes,consignes-03,Répétez !,Repeat!,🔁,a full sentence; one emoji cannot carry a clause,consignes-03.png,"a person speaking with a circular repeat arrow orbiting their head. hyperrealistic 3D render, single subject centred and isolated, plain warm off-white background (#FBFBF6), soft studio key light from upper-left with a gentle fill, subtle contact shadow beneath, photoreal materials and micro-detail, no text, no labels, no watermark, square 1:1, 1024x1024"
3,SENTENCE,consignes,consignes-04,Lisez !,Read!,📖,a full sentence; one emoji cannot carry a clause,consignes-04.png,"hands holding an open book, eyes reading down the page. hyperrealistic 3D render, single subject centred and isolated, plain warm off-white background (#FBFBF6), soft studio key light from upper-left with a gentle fill, subtle contact shadow beneath, photoreal materials and micro-detail, no text, no labels, no watermark, square 1:1, 1024x1024"
3,SENTENCE,consignes,consignes-05,Écrivez !,Write!,✍️,a full sentence; one emoji cannot carry a clause,consignes-05.png,"a hand writing with a pen on a lined notebook page. hyperrealistic 3D render, single subject centred and isolated, plain warm off-white background (#FBFBF6), soft studio key light from upper-left with a gentle fill, subtle contact shadow beneath, photoreal materials and micro-detail, no text, no labels, no watermark, square 1:1, 1024x1024"
3,SENTENCE,consignes,consignes-06,Parlez !,Speak!,🗣️,a full sentence; one emoji cannot carry a clause,consignes-06.png,"a person mid-speech, mouth open, small speech bubble beside them. hyperrealistic 3D render, single subject centred and isolated, plain warm off-white background (#FBFBF6), soft studio key light from upper-left with a gentle fill, subtle contact shadow beneath, photoreal materials and micro-detail, no text, no labels, no watermark, square 1:1, 1024x1024"
3,SENTENCE,consignes,consignes-08,Comptez !,Count!,🔢,a full sentence; one emoji cannot carry a clause,consignes-08.png,"a hand counting on raised fingers, numerals 1 2 3 floating beside. hyperrealistic 3D render, single subject centred and isolated, plain warm off-white background (#FBFBF6), soft studio key light from upper-left with a gentle fill, subtle contact shadow beneath, photoreal materials and micro-detail, no text, no labels, no watermark, square 1:1, 1024x1024"
3,SENTENCE,consignes,consignes-09,Associez !,Match!,🔗,a full sentence; one emoji cannot carry a clause,consignes-09.png,"two cards on a desk joined by a drawn line, a matching pair. hyperrealistic 3D render, single subject centred and isolated, plain warm off-white background (#FBFBF6), soft studio key light from upper-left with a gentle fill, subtle contact shadow beneath, photoreal materials and micro-detail, no text, no labels, no watermark, square 1:1, 1024x1024"
3,SENTENCE,consignes,consignes-10,On fait quoi ?,What are we doing?,❓,a full sentence; one emoji cannot carry a clause,consignes-10.png,"a student with a puzzled expression, a large question mark above. hyperrealistic 3D render, single subject centred and isolated, plain warm off-white background (#FBFBF6), soft studio key light from upper-left with a gentle fill, subtle contact shadow beneath, photoreal materials and micro-detail, no text, no labels, no watermark, square 1:1, 1024x1024"
4,OK-emoji,colors,colors-01,le rouge,red,🔴,"required — photos everywhere (Dan, 5 Sep); the emoji names its word but is still an emoji beside a photograph",colors-01.png,"rouge. hyperrealistic 3D render, single subject centred and isolated, plain warm off-white background (#FBFBF6), soft studio key light from upper-left with a gentle fill, subtle contact shadow beneath, photoreal materials and micro-detail, no text, no labels, no watermark, square 1:1, 1024x1024"
4,OK-emoji,colors,colors-02,l'orange,orange,🟠,"required — photos everywhere (Dan, 5 Sep); the emoji names its word but is still an emoji beside a photograph",colors-02.png,"orange. hyperrealistic 3D render, single subject centred and isolated, plain warm off-white background (#FBFBF6), soft studio key light from upper-left with a gentle fill, subtle contact shadow beneath, photoreal materials and micro-detail, no text, no labels, no watermark, square 1:1, 1024x1024"
4,OK-emoji,colors,colors-03,le jaune,yellow,🟡,"required — photos everywhere (Dan, 5 Sep); the emoji names its word but is still an emoji beside a photograph",colors-03.png,"jaune. hyperrealistic 3D render, single subject centred and isolated, plain warm off-white background (#FBFBF6), soft studio key light from upper-left with a gentle fill, subtle contact shadow beneath, photoreal materials and micro-detail, no text, no labels, no watermark, square 1:1, 1024x1024"
4,OK-emoji,colors,colors-04,le vert,green,🟢,"required — photos everywhere (Dan, 5 Sep); the emoji names its word but is still an emoji beside a photograph",colors-04.png,"vert. hyperrealistic 3D render, single subject centred and isolated, plain warm off-white background (#FBFBF6), soft studio key light from upper-left with a gentle fill, subtle contact shadow beneath, photoreal materials and micro-detail, no text, no labels, no watermark, square 1:1, 1024x1024"
4,OK-emoji,colors,colors-05,le bleu,blue,🔵,"required — photos everywhere (Dan, 5 Sep); the emoji names its word but is still an emoji beside a photograph",colors-05.png,"bleu. hyperrealistic 3D render, single subject centred and isolated, plain warm off-white background (#FBFBF6), soft studio key light from upper-left with a gentle fill, subtle contact shadow beneath, photoreal materials and micro-detail, no text, no labels, no watermark, square 1:1, 1024x1024"
4,OK-emoji,colors,colors-06,le violet,purple,🟣,"required — photos everywhere (Dan, 5 Sep); the emoji names its word but is still an emoji beside a photograph",colors-06.png,"violet. hyperrealistic 3D render, single subject centred and isolated, plain warm off-white background (#FBFBF6), soft studio key light from upper-left with a gentle fill, subtle contact shadow beneath, photoreal materials and micro-detail, no text, no labels, no watermark, square 1:1, 1024x1024"
4,OK-emoji,colors,colors-07,le marron,brown,🟤,"required — photos everywhere (Dan, 5 Sep); the emoji names its word but is still an emoji beside a photograph",colors-07.png,"marron. hyperrealistic 3D render, single subject centred and isolated, plain warm off-white background (#FBFBF6), soft studio key light from upper-left with a gentle fill, subtle contact shadow beneath, photoreal materials and micro-detail, no text, no labels, no watermark, square 1:1, 1024x1024"
4,OK-emoji,colors,colors-08,le blanc,white,⚪,"required — photos everywhere (Dan, 5 Sep); the emoji names its word but is still an emoji beside a photograph",colors-08.png,"blanc. hyperrealistic 3D render, single subject centred and isolated, plain warm off-white background (#FBFBF6), soft studio key light from upper-left with a gentle fill, subtle contact shadow beneath, photoreal materials and micro-detail, no text, no labels, no watermark, square 1:1, 1024x1024"
4,OK-emoji,colors,colors-09,le noir,black,⚫,"required — photos everywhere (Dan, 5 Sep); the emoji names its word but is still an emoji beside a photograph",colors-09.png,"noir. hyperrealistic 3D render, single subject centred and isolated, plain warm off-white background (#FBFBF6), soft studio key light from upper-left with a gentle fill, subtle contact shadow beneath, photoreal materials and micro-detail, no text, no labels, no watermark, square 1:1, 1024x1024"
4,OK-emoji,colors,colors-10,le gris,grey,🩶,"required — photos everywhere (Dan, 5 Sep); the emoji names its word but is still an emoji beside a photograph",colors-10.png,"gris. hyperrealistic 3D render, single subject centred and isolated, plain warm off-white background (#FBFBF6), soft studio key light from upper-left with a gentle fill, subtle contact shadow beneath, photoreal materials and micro-detail, no text, no labels, no watermark, square 1:1, 1024x1024"
4,OK-emoji,colors,colors-11,le rose,pink,🩷,"required — photos everywhere (Dan, 5 Sep); the emoji names its word but is still an emoji beside a photograph",colors-11.png,"rose. hyperrealistic 3D render, single subject centred and isolated, plain warm off-white background (#FBFBF6), soft studio key light from upper-left with a gentle fill, subtle contact shadow beneath, photoreal materials and micro-detail, no text, no labels, no watermark, square 1:1, 1024x1024"
4,OK-emoji,commerces,commerces-05,boulangerie,bakery,🥖,"required — photos everywhere (Dan, 5 Sep); the emoji names its word but is still an emoji beside a photograph",commerces-05.png,"boulangerie. hyperrealistic 3D render, single subject centred and isolated, plain warm off-white background (#FBFBF6), soft studio key light from upper-left with a gentle fill, subtle contact shadow beneath, photoreal materials and micro-detail, no text, no labels, no watermark, square 1:1, 1024x1024"
4,OK-emoji,commerces,commerces-06,pâtisserie,pastry shop,🧁,"required — photos everywhere (Dan, 5 Sep); the emoji names its word but is still an emoji beside a photograph",commerces-06.png,"pâtisserie. hyperrealistic 3D render, single subject centred and isolated, plain warm off-white background (#FBFBF6), soft studio key light from upper-left with a gentle fill, subtle contact shadow beneath, photoreal materials and micro-detail, no text, no labels, no watermark, square 1:1, 1024x1024"
4,OK-emoji,commerces,commerces-07,boucherie,butcher's,🥩,"required — photos everywhere (Dan, 5 Sep); the emoji names its word but is still an emoji beside a photograph",commerces-07.png,"boucherie. hyperrealistic 3D render, single subject centred and isolated, plain warm off-white background (#FBFBF6), soft studio key light from upper-left with a gentle fill, subtle contact shadow beneath, photoreal materials and micro-detail, no text, no labels, no watermark, square 1:1, 1024x1024"
4,OK-emoji,commerces,commerces-09,poissonnerie,fishmonger's,🐟,"required — photos everywhere (Dan, 5 Sep); the emoji names its word but is still an emoji beside a photograph",commerces-09.png,"poissonnerie. hyperrealistic 3D render, single subject centred and isolated, plain warm off-white background (#FBFBF6), soft studio key light from upper-left with a gentle fill, subtle contact shadow beneath, photoreal materials and micro-detail, no text, no labels, no watermark, square 1:1, 1024x1024"
4,OK-emoji,commerces,commerces-10,librairie,bookshop,📚,"required — photos everywhere (Dan, 5 Sep); the emoji names its word but is still an emoji beside a photograph",commerces-10.png,"librairie. hyperrealistic 3D render, single subject centred and isolated, plain warm off-white background (#FBFBF6), soft studio key light from upper-left with a gentle fill, subtle contact shadow beneath, photoreal materials and micro-detail, no text, no labels, no watermark, square 1:1, 1024x1024"
4,OK-emoji,commerces,commerces-33,prix,price,🏷️,"required — photos everywhere (Dan, 5 Sep); the emoji names its word but is still an emoji beside a photograph",commerces-33.png,"a price tag hanging from a product, number visible but unreadable. hyperrealistic 3D render, single subject centred and isolated, plain warm off-white background (#FBFBF6), soft studio key light from upper-left with a gentle fill, subtle contact shadow beneath, photoreal materials and micro-detail, no text, no labels, no watermark, square 1:1, 1024x1024"
4,OK-emoji,countries-letris,countries-letris-01-france,France,France,🇫🇷,"required — photos everywhere (Dan, 5 Sep); the emoji names its word but is still an emoji beside a photograph",countries-letris-01-france.png,"France. hyperrealistic 3D render, single subject centred and isolated, plain warm off-white background (#FBFBF6), soft studio key light from upper-left with a gentle fill, subtle contact shadow beneath, photoreal materials and micro-detail, no text, no labels, no watermark, square 1:1, 1024x1024"
4,OK-emoji,countries-letris,countries-letris-02-portugal,Portugal,Portugal,🇵🇹,"required — photos everywhere (Dan, 5 Sep); the emoji names its word but is still an emoji beside a photograph",countries-letris-02-portugal.png,"Portugal. hyperrealistic 3D render, single subject centred and isolated, plain warm off-white background (#FBFBF6), soft studio key light from upper-left with a gentle fill, subtle contact shadow beneath, photoreal materials and micro-detail, no text, no labels, no watermark, square 1:1, 1024x1024"
4,OK-emoji,countries-letris,countries-letris-03-chine,Chine,China,🇨🇳,"required — photos everywhere (Dan, 5 Sep); the emoji names its word but is still an emoji beside a photograph",countries-letris-03-chine.png,"Chine. hyperrealistic 3D render, single subject centred and isolated, plain warm off-white background (#FBFBF6), soft studio key light from upper-left with a gentle fill, subtle contact shadow beneath, photoreal materials and micro-detail, no text, no labels, no watermark, square 1:1, 1024x1024"
4,OK-emoji,countries-letris,countries-letris-04-indonesie,Indonésie,Indonesia,🇮🇩,"required — photos everywhere (Dan, 5 Sep); the emoji names its word but is still an emoji beside a photograph",countries-letris-04-indonesie.png,"Indonésie. hyperrealistic 3D render, single subject centred and isolated, plain warm off-white background (#FBFBF6), soft studio key light from upper-left with a gentle fill, subtle contact shadow beneath, photoreal materials and micro-detail, no text, no labels, no watermark, square 1:1, 1024x1024"
4,OK-emoji,countries-letris,countries-letris-05-coree,Corée,Korea,🇰🇷,"required — photos everywhere (Dan, 5 Sep); the emoji names its word but is still an emoji beside a photograph",countries-letris-05-coree.png,"Corée. hyperrealistic 3D render, single subject centred and isolated, plain warm off-white background (#FBFBF6), soft studio key light from upper-left with a gentle fill, subtle contact shadow beneath, photoreal materials and micro-detail, no text, no labels, no watermark, square 1:1, 1024x1024"
4,OK-emoji,countries-letris,countries-letris-06-etats-unis,États-Unis,United States,🇺🇸,"required — photos everywhere (Dan, 5 Sep); the emoji names its word but is still an emoji beside a photograph",countries-letris-06-etats-unis.png,"États-Unis. hyperrealistic 3D render, single subject centred and isolated, plain warm off-white background (#FBFBF6), soft studio key light from upper-left with a gentle fill, subtle contact shadow beneath, photoreal materials and micro-detail, no text, no labels, no watermark, square 1:1, 1024x1024"
4,OK-emoji,countries-letris,countries-letris-07-mexique,Mexique,Mexico,🇲🇽,"required — photos everywhere (Dan, 5 Sep); the emoji names its word but is still an emoji beside a photograph",countries-letris-07-mexique.png,"Mexique. hyperrealistic 3D render, single subject centred and isolated, plain warm off-white background (#FBFBF6), soft studio key light from upper-left with a gentle fill, subtle contact shadow beneath, photoreal materials and micro-detail, no text, no labels, no watermark, square 1:1, 1024x1024"
4,OK-emoji,countries-letris,countries-letris-08-cuba,Cuba,Cuba,🇨🇺,"required — photos everywhere (Dan, 5 Sep); the emoji names its word but is still an emoji beside a photograph",countries-letris-08-cuba.png,"Cuba. hyperrealistic 3D render, single subject centred and isolated, plain warm off-white background (#FBFBF6), soft studio key light from upper-left with a gentle fill, subtle contact shadow beneath, photoreal materials and micro-detail, no text, no labels, no watermark, square 1:1, 1024x1024"
4,OK-emoji,countries-letris,countries-letris-09-philippines,Philippines,Philippines,🇵🇭,"required — photos everywhere (Dan, 5 Sep); the emoji names its word but is still an emoji beside a photograph",countries-letris-09-philippines.png,"Philippines. hyperrealistic 3D render, single subject centred and isolated, plain warm off-white background (#FBFBF6), soft studio key light from upper-left with a gentle fill, subtle contact shadow beneath, photoreal materials and micro-detail, no text, no labels, no watermark, square 1:1, 1024x1024"
4,OK-emoji,countries-letris,countries-letris-10-argentine,Argentine,Argentina,🇦🇷,"required — photos everywhere (Dan, 5 Sep); the emoji names its word but is still an emoji beside a photograph",countries-letris-10-argentine.png,"Argentine. hyperrealistic 3D render, single subject centred and isolated, plain warm off-white background (#FBFBF6), soft studio key light from upper-left with a gentle fill, subtle contact shadow beneath, photoreal materials and micro-detail, no text, no labels, no watermark, square 1:1, 1024x1024"
4,OK-emoji,countries-letris,countries-letris-11-russie,Russie,Russia,🇷🇺,"required — photos everywhere (Dan, 5 Sep); the emoji names its word but is still an emoji beside a photograph",countries-letris-11-russie.png,"Russie. hyperrealistic 3D render, single subject centred and isolated, plain warm off-white background (#FBFBF6), soft studio key light from upper-left with a gentle fill, subtle contact shadow beneath, photoreal materials and micro-detail, no text, no labels, no watermark, square 1:1, 1024x1024"
4,OK-emoji,countries-letris,countries-letris-12-suisse,Suisse,Switzerland,🇨🇭,"required — photos everywhere (Dan, 5 Sep); the emoji names its word but is still an emoji beside a photograph",countries-letris-12-suisse.png,"Suisse. hyperrealistic 3D render, single subject centred and isolated, plain warm off-white background (#FBFBF6), soft studio key light from upper-left with a gentle fill, subtle contact shadow beneath, photoreal materials and micro-detail, no text, no labels, no watermark, square 1:1, 1024x1024"
4,OK-emoji,countries-letris,countries-letris-13-belgique,Belgique,Belgium,🇧🇪,"required — photos everywhere (Dan, 5 Sep); the emoji names its word but is still an emoji beside a photograph",countries-letris-13-belgique.png,"Belgique. hyperrealistic 3D render, single subject centred and isolated, plain warm off-white background (#FBFBF6), soft studio key light from upper-left with a gentle fill, subtle contact shadow beneath, photoreal materials and micro-detail, no text, no labels, no watermark, square 1:1, 1024x1024"
4,OK-emoji,countries-letris,countries-letris-14-grece,Grèce,Greece,🇬🇷,"required — photos everywhere (Dan, 5 Sep); the emoji names its word but is still an emoji beside a photograph",countries-letris-14-grece.png,"Grèce. hyperrealistic 3D render, single subject centred and isolated, plain warm off-white background (#FBFBF6), soft studio key light from upper-left with a gentle fill, subtle contact shadow beneath, photoreal materials and micro-detail, no text, no labels, no watermark, square 1:1, 1024x1024"
4,OK-emoji,countries-letris,countries-letris-15-turquie,Turquie,Turkey,🇹🇷,"required — photos everywhere (Dan, 5 Sep); the emoji names its word but is still an emoji beside a photograph",countries-letris-15-turquie.png,"Turquie. hyperrealistic 3D render, single subject centred and isolated, plain warm off-white background (#FBFBF6), soft studio key light from upper-left with a gentle fill, subtle contact shadow beneath, photoreal materials and micro-detail, no text, no labels, no watermark, square 1:1, 1024x1024"
4,OK-emoji,countries-letris,countries-letris-16-allemagne,Allemagne,Germany,🇩🇪,"required — photos everywhere (Dan, 5 Sep); the emoji names its word but is still an emoji beside a photograph",countries-letris-16-allemagne.png,"Allemagne. hyperrealistic 3D render, single subject centred and isolated, plain warm off-white background (#FBFBF6), soft studio key light from upper-left with a gentle fill, subtle contact shadow beneath, photoreal materials and micro-detail, no text, no labels, no watermark, square 1:1, 1024x1024"
4,OK-emoji,countries-letris,countries-letris-17-cambodge,Cambodge,Cambodia,🇰🇭,"required — photos everywhere (Dan, 5 Sep); the emoji names its word but is still an emoji beside a photograph",countries-letris-17-cambodge.png,"Cambodge. hyperrealistic 3D render, single subject centred and isolated, plain warm off-white background (#FBFBF6), soft studio key light from upper-left with a gentle fill, subtle contact shadow beneath, photoreal materials and micro-detail, no text, no labels, no watermark, square 1:1, 1024x1024"
4,OK-emoji,countries-letris,countries-letris-18-singapour,Singapour,Singapore,🇸🇬,"required — photos everywhere (Dan, 5 Sep); the emoji names its word but is still an emoji beside a photograph",countries-letris-18-singapour.png,"Singapour. hyperrealistic 3D render, single subject centred and isolated, plain warm off-white background (#FBFBF6), soft studio key light from upper-left with a gentle fill, subtle contact shadow beneath, photoreal materials and micro-detail, no text, no labels, no watermark, square 1:1, 1024x1024"
4,OK-emoji,countries-letris,countries-letris-19-malaisie,Malaisie,Malaysia,🇲🇾,"required — photos everywhere (Dan, 5 Sep); the emoji names its word but is still an emoji beside a photograph",countries-letris-19-malaisie.png,"Malaisie. hyperrealistic 3D render, single subject centred and isolated, plain warm off-white background (#FBFBF6), soft studio key light from upper-left with a gentle fill, subtle contact shadow beneath, photoreal materials and micro-detail, no text, no labels, no watermark, square 1:1, 1024x1024"
4,OK-emoji,countries-letris,countries-letris-20-thailande,Thaïlande,Thailand,🇹🇭,"required — photos everywhere (Dan, 5 Sep); the emoji names its word but is still an emoji beside a photograph",countries-letris-20-thailande.png,"Thaïlande. hyperrealistic 3D render, single subject centred and isolated, plain warm off-white background (#FBFBF6), soft studio key light from upper-left with a gentle fill, subtle contact shadow beneath, photoreal materials and micro-detail, no text, no labels, no watermark, square 1:1, 1024x1024"
4,OK-emoji,countries-letris,countries-letris-21-angleterre,Angleterre,England,🏴󠁧󠁢󠁥󠁮󠁧󠁿,"required — photos everywhere (Dan, 5 Sep); the emoji names its word but is still an emoji beside a photograph",countries-letris-21-angleterre.png,"Angleterre. hyperrealistic 3D render, single subject centred and isolated, plain warm off-white background (#FBFBF6), soft studio key light from upper-left with a gentle fill, subtle contact shadow beneath, photoreal materials and micro-detail, no text, no labels, no watermark, square 1:1, 1024x1024"
4,OK-emoji,countries-letris,countries-letris-22-grande-bretagne,Grande-Bretagne,Great Britain,🇬🇧,"required — photos everywhere (Dan, 5 Sep); the emoji names its word but is still an emoji beside a photograph",countries-letris-22-grande-bretagne.png,"Grande-Bretagne. hyperrealistic 3D render, single subject centred and isolated, plain warm off-white background (#FBFBF6), soft studio key light from upper-left with a gentle fill, subtle contact shadow beneath, photoreal materials and micro-detail, no text, no labels, no watermark, square 1:1, 1024x1024"
4,OK-emoji,countries-letris,countries-letris-23-tunisie,Tunisie,Tunisia,🇹🇳,"required — photos everywhere (Dan, 5 Sep); the emoji names its word but is still an emoji beside a photograph",countries-letris-23-tunisie.png,"Tunisie. hyperrealistic 3D render, single subject centred and isolated, plain warm off-white background (#FBFBF6), soft studio key light from upper-left with a gentle fill, subtle contact shadow beneath, photoreal materials and micro-detail, no text, no labels, no watermark, square 1:1, 1024x1024"
4,OK-emoji,countries-letris,countries-letris-24-maroc,Maroc,Morocco,🇲🇦,"required — photos everywhere (Dan, 5 Sep); the emoji names its word but is still an emoji beside a photograph",countries-letris-24-maroc.png,"Maroc. hyperrealistic 3D render, single subject centred and isolated, plain warm off-white background (#FBFBF6), soft studio key light from upper-left with a gentle fill, subtle contact shadow beneath, photoreal materials and micro-detail, no text, no labels, no watermark, square 1:1, 1024x1024"
4,OK-emoji,countries-letris,countries-letris-25-algerie,Algérie,Algeria,🇩🇿,"required — photos everywhere (Dan, 5 Sep); the emoji names its word but is still an emoji beside a photograph",countries-letris-25-algerie.png,"Algérie. hyperrealistic 3D render, single subject centred and isolated, plain warm off-white background (#FBFBF6), soft studio key light from upper-left with a gentle fill, subtle contact shadow beneath, photoreal materials and micro-detail, no text, no labels, no watermark, square 1:1, 1024x1024"
4,OK-emoji,lieux-letris,lieux-letris-01-cafe,café,the café,☕,"required — photos everywhere (Dan, 5 Sep); the emoji names its word but is still an emoji beside a photograph",lieux-letris-01-cafe.png,"café. hyperrealistic 3D render, single subject centred and isolated, plain warm off-white background (#FBFBF6), soft studio key light from upper-left with a gentle fill, subtle contact shadow beneath, photoreal materials and micro-detail, no text, no labels, no watermark, square 1:1, 1024x1024"
4,OK-emoji,lieux-letris,lieux-letris-02-restaurant,restaurant,the restaurant,🍽️,"required — photos everywhere (Dan, 5 Sep); the emoji names its word but is still an emoji beside a photograph",lieux-letris-02-restaurant.png,"restaurant. hyperrealistic 3D render, single subject centred and isolated, plain warm off-white background (#FBFBF6), soft studio key light from upper-left with a gentle fill, subtle contact shadow beneath, photoreal materials and micro-detail, no text, no labels, no watermark, square 1:1, 1024x1024"
4,OK-emoji,lieux-letris,lieux-letris-03-cinema,cinéma,the cinema,🎬,"required — photos everywhere (Dan, 5 Sep); the emoji names its word but is still an emoji beside a photograph",lieux-letris-03-cinema.png,"cinéma. hyperrealistic 3D render, single subject centred and isolated, plain warm off-white background (#FBFBF6), soft studio key light from upper-left with a gentle fill, subtle contact shadow beneath, photoreal materials and micro-detail, no text, no labels, no watermark, square 1:1, 1024x1024"
4,OK-emoji,lieux-letris,lieux-letris-05-parc,parc,the park,🌳,"required — photos everywhere (Dan, 5 Sep); the emoji names its word but is still an emoji beside a photograph",lieux-letris-05-parc.png,"parc. hyperrealistic 3D render, single subject centred and isolated, plain warm off-white background (#FBFBF6), soft studio key light from upper-left with a gentle fill, subtle contact shadow beneath, photoreal materials and micro-detail, no text, no labels, no watermark, square 1:1, 1024x1024"
4,OK-emoji,lieux-letris,lieux-letris-08-stade,stade,the stadium,🏟️,"required — photos everywhere (Dan, 5 Sep); the emoji names its word but is still an emoji beside a photograph",lieux-letris-08-stade.png,"stade. hyperrealistic 3D render, single subject centred and isolated, plain warm off-white background (#FBFBF6), soft studio key light from upper-left with a gentle fill, subtle contact shadow beneath, photoreal materials and micro-detail, no text, no labels, no watermark, square 1:1, 1024x1024"
4,OK-emoji,lieux-letris,lieux-letris-10-pharmacie,pharmacie,the pharmacy,💊,"required — photos everywhere (Dan, 5 Sep); the emoji names its word but is still an emoji beside a photograph",lieux-letris-10-pharmacie.png,"pharmacie. hyperrealistic 3D render, single subject centred and isolated, plain warm off-white background (#FBFBF6), soft studio key light from upper-left with a gentle fill, subtle contact shadow beneath, photoreal materials and micro-detail, no text, no labels, no watermark, square 1:1, 1024x1024"
4,OK-emoji,lieux-letris,lieux-letris-11-bibliotheque,bibliothèque,the library,📚,"required — photos everywhere (Dan, 5 Sep); the emoji names its word but is still an emoji beside a photograph",lieux-letris-11-bibliotheque.png,"bibliothèque. hyperrealistic 3D render, single subject centred and isolated, plain warm off-white background (#FBFBF6), soft studio key light from upper-left with a gentle fill, subtle contact shadow beneath, photoreal materials and micro-detail, no text, no labels, no watermark, square 1:1, 1024x1024"
4,OK-emoji,lieux-letris,lieux-letris-13-gare,gare,the train station,🚉,"required — photos everywhere (Dan, 5 Sep); the emoji names its word but is still an emoji beside a photograph",lieux-letris-13-gare.png,"gare. hyperrealistic 3D render, single subject centred and isolated, plain warm off-white background (#FBFBF6), soft studio key light from upper-left with a gentle fill, subtle contact shadow beneath, photoreal materials and micro-detail, no text, no labels, no watermark, square 1:1, 1024x1024"
4,OK-emoji,lieux-letris,lieux-letris-14-poste,poste,the post office,📮,"required — photos everywhere (Dan, 5 Sep); the emoji names its word but is still an emoji beside a photograph",lieux-letris-14-poste.png,"poste. hyperrealistic 3D render, single subject centred and isolated, plain warm off-white background (#FBFBF6), soft studio key light from upper-left with a gentle fill, subtle contact shadow beneath, photoreal materials and micro-detail, no text, no labels, no watermark, square 1:1, 1024x1024"
4,OK-emoji,lieux-letris,lieux-letris-15-piscine,piscine,the pool,🏊,"required — photos everywhere (Dan, 5 Sep); the emoji names its word but is still an emoji beside a photograph",lieux-letris-15-piscine.png,"piscine. hyperrealistic 3D render, single subject centred and isolated, plain warm off-white background (#FBFBF6), soft studio key light from upper-left with a gentle fill, subtle contact shadow beneath, photoreal materials and micro-detail, no text, no labels, no watermark, square 1:1, 1024x1024"
4,OK-emoji,lieux-letris,lieux-letris-18-eglise,église,the church,⛪,"required — photos everywhere (Dan, 5 Sep); the emoji names its word but is still an emoji beside a photograph",lieux-letris-18-eglise.png,"église. hyperrealistic 3D render, single subject centred and isolated, plain warm off-white background (#FBFBF6), soft studio key light from upper-left with a gentle fill, subtle contact shadow beneath, photoreal materials and micro-detail, no text, no labels, no watermark, square 1:1, 1024x1024"
4,OK-emoji,lieux-letris,lieux-letris-20-universite,université,the university,🎓,"required — photos everywhere (Dan, 5 Sep); the emoji names its word but is still an emoji beside a photograph",lieux-letris-20-universite.png,"université. hyperrealistic 3D render, single subject centred and isolated, plain warm off-white background (#FBFBF6), soft studio key light from upper-left with a gentle fill, subtle contact shadow beneath, photoreal materials and micro-detail, no text, no labels, no watermark, square 1:1, 1024x1024"
4,OK-emoji,lieux-letris,lieux-letris-21-aeroport,aéroport,the airport,✈️,"required — photos everywhere (Dan, 5 Sep); the emoji names its word but is still an emoji beside a photograph",lieux-letris-21-aeroport.png,"aéroport. hyperrealistic 3D render, single subject centred and isolated, plain warm off-white background (#FBFBF6), soft studio key light from upper-left with a gentle fill, subtle contact shadow beneath, photoreal materials and micro-detail, no text, no labels, no watermark, square 1:1, 1024x1024"
4,OK-emoji,lieux-letris,lieux-letris-23-arret-de-bus,arrêt de bus,the bus stop,🚏,"required — photos everywhere (Dan, 5 Sep); the emoji names its word but is still an emoji beside a photograph",lieux-letris-23-arret-de-bus.png,"arrêt de bus. hyperrealistic 3D render, single subject centred and isolated, plain warm off-white background (#FBFBF6), soft studio key light from upper-left with a gentle fill, subtle contact shadow beneath, photoreal materials and micro-detail, no text, no labels, no watermark, square 1:1, 1024x1024"
4,OK-emoji,lieux-letris,lieux-letris-26-toilettes-publiques,toilettes publiques,the public toilets,🚻,"required — photos everywhere (Dan, 5 Sep); the emoji names its word but is still an emoji beside a photograph",lieux-letris-26-toilettes-publiques.png,"toilettes publiques. hyperrealistic 3D render, single subject centred and isolated, plain warm off-white background (#FBFBF6), soft studio key light from upper-left with a gentle fill, subtle contact shadow beneath, photoreal materials and micro-detail, no text, no labels, no watermark, square 1:1, 1024x1024"
4,OK-emoji,lieux-letris,lieux-letris-27-feux-de-circulation,feux de circulation,the traffic lights,🚦,"required — photos everywhere (Dan, 5 Sep); the emoji names its word but is still an emoji beside a photograph",lieux-letris-27-feux-de-circulation.png,"feux de circulation. hyperrealistic 3D render, single subject centred and isolated, plain warm off-white background (#FBFBF6), soft studio key light from upper-left with a gentle fill, subtle contact shadow beneath, photoreal materials and micro-detail, no text, no labels, no watermark, square 1:1, 1024x1024"
4,OK-emoji,objets-articles,objets-articles-01,sac,bag,🎒,"required — photos everywhere (Dan, 5 Sep); the emoji names its word but is still an emoji beside a photograph",objets-articles-01.png,"sac. hyperrealistic 3D render, single subject centred and isolated, plain warm off-white background (#FBFBF6), soft studio key light from upper-left with a gentle fill, subtle contact shadow beneath, photoreal materials and micro-detail, no text, no labels, no watermark, square 1:1, 1024x1024"
4,OK-emoji,objets-articles,objets-articles-02,livre,book,📖,"required — photos everywhere (Dan, 5 Sep); the emoji names its word but is still an emoji beside a photograph",objets-articles-02.png,"livre. hyperrealistic 3D render, single subject centred and isolated, plain warm off-white background (#FBFBF6), soft studio key light from upper-left with a gentle fill, subtle contact shadow beneath, photoreal materials and micro-detail, no text, no labels, no watermark, square 1:1, 1024x1024"
4,OK-emoji,objets-articles,objets-articles-03,cahier,exercise book,📓,"required — photos everywhere (Dan, 5 Sep); the emoji names its word but is still an emoji beside a photograph",objets-articles-03.png,"cahier. hyperrealistic 3D render, single subject centred and isolated, plain warm off-white background (#FBFBF6), soft studio key light from upper-left with a gentle fill, subtle contact shadow beneath, photoreal materials and micro-detail, no text, no labels, no watermark, square 1:1, 1024x1024"
4,OK-emoji,objets-articles,objets-articles-04,téléphone,phone,📱,"required — photos everywhere (Dan, 5 Sep); the emoji names its word but is still an emoji beside a photograph",objets-articles-04.png,"téléphone. hyperrealistic 3D render, single subject centred and isolated, plain warm off-white background (#FBFBF6), soft studio key light from upper-left with a gentle fill, subtle contact shadow beneath, photoreal materials and micro-detail, no text, no labels, no watermark, square 1:1, 1024x1024"
4,OK-emoji,objets-articles,objets-articles-05,stylo,pen,🖊️,"required — photos everywhere (Dan, 5 Sep); the emoji names its word but is still an emoji beside a photograph",objets-articles-05.png,"stylo. hyperrealistic 3D render, single subject centred and isolated, plain warm off-white background (#FBFBF6), soft studio key light from upper-left with a gentle fill, subtle contact shadow beneath, photoreal materials and micro-detail, no text, no labels, no watermark, square 1:1, 1024x1024"
4,OK-emoji,objets-articles,objets-articles-06,crayon,pencil,✏️,"required — photos everywhere (Dan, 5 Sep); the emoji names its word but is still an emoji beside a photograph",objets-articles-06.png,"crayon. hyperrealistic 3D render, single subject centred and isolated, plain warm off-white background (#FBFBF6), soft studio key light from upper-left with a gentle fill, subtle contact shadow beneath, photoreal materials and micro-detail, no text, no labels, no watermark, square 1:1, 1024x1024"
4,OK-emoji,objets-articles,objets-articles-08,carte d'identité,ID card,🪪,"required — photos everywhere (Dan, 5 Sep); the emoji names its word but is still an emoji beside a photograph",objets-articles-08.png,"carte d'identité. hyperrealistic 3D render, single subject centred and isolated, plain warm off-white background (#FBFBF6), soft studio key light from upper-left with a gentle fill, subtle contact shadow beneath, photoreal materials and micro-detail, no text, no labels, no watermark, square 1:1, 1024x1024"
4,OK-emoji,objets-articles,objets-articles-10,ciseaux,scissors,✂️,"required — photos everywhere (Dan, 5 Sep); the emoji names its word but is still an emoji beside a photograph",objets-articles-10.png,"ciseaux. hyperrealistic 3D render, single subject centred and isolated, plain warm off-white background (#FBFBF6), soft studio key light from upper-left with a gentle fill, subtle contact shadow beneath, photoreal materials and micro-detail, no text, no labels, no watermark, square 1:1, 1024x1024"
4,OK-emoji,objets-articles,objets-articles-13,lunettes,glasses,👓,"required — photos everywhere (Dan, 5 Sep); the emoji names its word but is still an emoji beside a photograph",objets-articles-13.png,"lunettes. hyperrealistic 3D render, single subject centred and isolated, plain warm off-white background (#FBFBF6), soft studio key light from upper-left with a gentle fill, subtle contact shadow beneath, photoreal materials and micro-detail, no text, no labels, no watermark, square 1:1, 1024x1024"
4,OK-emoji,objets-articles,objets-articles-14,clé,key,🔑,"required — photos everywhere (Dan, 5 Sep); the emoji names its word but is still an emoji beside a photograph",objets-articles-14.png,"clé. hyperrealistic 3D render, single subject centred and isolated, plain warm off-white background (#FBFBF6), soft studio key light from upper-left with a gentle fill, subtle contact shadow beneath, photoreal materials and micro-detail, no text, no labels, no watermark, square 1:1, 1024x1024"
4,OK-emoji,objets-articles,objets-articles-15,règle,ruler,📏,"required — photos everywhere (Dan, 5 Sep); the emoji names its word but is still an emoji beside a photograph",objets-articles-15.png,"règle. hyperrealistic 3D render, single subject centred and isolated, plain warm off-white background (#FBFBF6), soft studio key light from upper-left with a gentle fill, subtle contact shadow beneath, photoreal materials and micro-detail, no text, no labels, no watermark, square 1:1, 1024x1024"
4,OK-emoji,objets-articles,objets-articles-16,écouteurs,headphones,🎧,"required — photos everywhere (Dan, 5 Sep); the emoji names its word but is still an emoji beside a photograph",objets-articles-16.png,"écouteurs. hyperrealistic 3D render, single subject centred and isolated, plain warm off-white background (#FBFBF6), soft studio key light from upper-left with a gentle fill, subtle contact shadow beneath, photoreal materials and micro-detail, no text, no labels, no watermark, square 1:1, 1024x1024"
4,OK-emoji,objets-articles,objets-articles-18,ordinateur,computer,💻,"required — photos everywhere (Dan, 5 Sep); the emoji names its word but is still an emoji beside a photograph",objets-articles-18.png,"ordinateur. hyperrealistic 3D render, single subject centred and isolated, plain warm off-white background (#FBFBF6), soft studio key light from upper-left with a gentle fill, subtle contact shadow beneath, photoreal materials and micro-detail, no text, no labels, no watermark, square 1:1, 1024x1024"
4,OK-emoji,objets-articles,objets-articles-20,souris,mouse,🖱️,"required — photos everywhere (Dan, 5 Sep); the emoji names its word but is still an emoji beside a photograph",objets-articles-20.png,"souris. hyperrealistic 3D render, single subject centred and isolated, plain warm off-white background (#FBFBF6), soft studio key light from upper-left with a gentle fill, subtle contact shadow beneath, photoreal materials and micro-detail, no text, no labels, no watermark, square 1:1, 1024x1024"
4,OK-emoji,transport,transport-01-en-train,en train,by train,🚄,"required — photos everywhere (Dan, 5 Sep); the emoji names its word but is still an emoji beside a photograph",transport-01-en-train.png,"train. hyperrealistic 3D render, single subject centred and isolated, plain warm off-white background (#FBFBF6), soft studio key light from upper-left with a gentle fill, subtle contact shadow beneath, photoreal materials and micro-detail, no text, no labels, no watermark, square 1:1, 1024x1024"
4,OK-emoji,transport,transport-02-en-bus,en bus,by bus,🚌,"required — photos everywhere (Dan, 5 Sep); the emoji names its word but is still an emoji beside a photograph",transport-02-en-bus.png,"bus. hyperrealistic 3D render, single subject centred and isolated, plain warm off-white background (#FBFBF6), soft studio key light from upper-left with a gentle fill, subtle contact shadow beneath, photoreal materials and micro-detail, no text, no labels, no watermark, square 1:1, 1024x1024"
4,OK-emoji,transport,transport-03-en-metro,en métro,by metro,🚇,"required — photos everywhere (Dan, 5 Sep); the emoji names its word but is still an emoji beside a photograph",transport-03-en-metro.png,"métro. hyperrealistic 3D render, single subject centred and isolated, plain warm off-white background (#FBFBF6), soft studio key light from upper-left with a gentle fill, subtle contact shadow beneath, photoreal materials and micro-detail, no text, no labels, no watermark, square 1:1, 1024x1024"
4,OK-emoji,transport,transport-04-en-voiture,en voiture,by car,🚗,"required — photos everywhere (Dan, 5 Sep); the emoji names its word but is still an emoji beside a photograph",transport-04-en-voiture.png,"voiture. hyperrealistic 3D render, single subject centred and isolated, plain warm off-white background (#FBFBF6), soft studio key light from upper-left with a gentle fill, subtle contact shadow beneath, photoreal materials and micro-detail, no text, no labels, no watermark, square 1:1, 1024x1024"
4,OK-emoji,transport,transport-05-en-avion,en avion,by plane,✈️,"required — photos everywhere (Dan, 5 Sep); the emoji names its word but is still an emoji beside a photograph",transport-05-en-avion.png,"avion. hyperrealistic 3D render, single subject centred and isolated, plain warm off-white background (#FBFBF6), soft studio key light from upper-left with a gentle fill, subtle contact shadow beneath, photoreal materials and micro-detail, no text, no labels, no watermark, square 1:1, 1024x1024"
4,OK-emoji,transport,transport-06-en-bateau,en bateau,by boat,⛵,"required — photos everywhere (Dan, 5 Sep); the emoji names its word but is still an emoji beside a photograph",transport-06-en-bateau.png,"bateau. hyperrealistic 3D render, single subject centred and isolated, plain warm off-white background (#FBFBF6), soft studio key light from upper-left with a gentle fill, subtle contact shadow beneath, photoreal materials and micro-detail, no text, no labels, no watermark, square 1:1, 1024x1024"
4,OK-emoji,transport,transport-07-a-velo,à vélo,by bike,🚲,"required — photos everywhere (Dan, 5 Sep); the emoji names its word but is still an emoji beside a photograph",transport-07-a-velo.png,"vélo. hyperrealistic 3D render, single subject centred and isolated, plain warm off-white background (#FBFBF6), soft studio key light from upper-left with a gentle fill, subtle contact shadow beneath, photoreal materials and micro-detail, no text, no labels, no watermark, square 1:1, 1024x1024"
4,OK-emoji,transport,transport-08-a-pied,à pied,on foot,🚶,"required — photos everywhere (Dan, 5 Sep); the emoji names its word but is still an emoji beside a photograph",transport-08-a-pied.png,"pied. hyperrealistic 3D render, single subject centred and isolated, plain warm off-white background (#FBFBF6), soft studio key light from upper-left with a gentle fill, subtle contact shadow beneath, photoreal materials and micro-detail, no text, no labels, no watermark, square 1:1, 1024x1024"
4,OK-emoji,transport,transport-09-a-moto,à moto,by motorbike,🏍️,"required — photos everywhere (Dan, 5 Sep); the emoji names its word but is still an emoji beside a photograph",transport-09-a-moto.png,"moto. hyperrealistic 3D render, single subject centred and isolated, plain warm off-white background (#FBFBF6), soft studio key light from upper-left with a gentle fill, subtle contact shadow beneath, photoreal materials and micro-detail, no text, no labels, no watermark, square 1:1, 1024x1024"
